"z","y"
1,11.8256819271923
1,-3.59277509762267
1,-0.938117551761296
1,-3.18774187495435
0,8.37357789432059
0,-5.5873493788934
1,-5.18859067552195
1,-4.75632844260847
1,-5.70104913297925
0,-4.62525139797053
0,0.525668705412233
1,-0.478271095375255
0,-0.0807922514815274
1,1.53184275333717
1,2.88121057799038
1,12.4311367721249
0,-3.71157805821924
0,-1.96377970445883
1,-0.427391227941925
0,10.8117623569325
0,-3.33666099717196
1,4.42124410016325
1,3.8900187148456
0,-3.53176234303046
1,-0.620967228624262
1,8.35187933163696
1,-2.39352967381438
1,-1.67358667370633
1,0.0443438360247543
0,3.40802372843391
0,9.42487699270552
0,-4.81633514867989
0,6.38201418630002
0,-3.00028482642339
1,-1.29281792834418
1,-3.43337117791246
1,0.754458494852377
1,11.8155274436083
1,-0.457329449900484
0,10.467359436832
1,3.07908197474708
0,2.25935995636731
1,2.04032991843214
1,2.14792439614552
1,-1.09109433153161
0,8.59193919138569
0,-5.1426043352129
1,0.399703758507513
1,-1.28022681610686
0,-4.70416236084903
0,-0.37998346980583
1,-1.83796767511347
0,-1.69566249292235
1,3.58263238492784
0,-4.75465760532572
1,6.14262259550501
1,7.72901003647183
0,-0.789665645273201
1,5.0129800841016
1,1.49463910995583
0,-5.57424322261681
1,10.9945806560076
1,12.0922508174548
0,-0.546124095545283
1,0.960437333463982
0,-0.540903695342615
0,2.23767363273629
1,1.06998944510143
0,1.66248840703843
1,2.52416865011682
0,0.925983745786027
0,-3.75239737401118
0,-5.05597426309754
1,2.14236945853319
1,0.796643201908348
1,-7.19453311330747
0,0.163170053803381
0,-6.40306954213279
0,-1.86375490590261
0,6.00429024590877
1,2.69885476235098
1,17.4419966730729
0,3.18331633020922
1,5.05308503011731
1,10.4809118913989
1,-0.660759827765388
1,1.21545325301469
0,-4.56698315658591
1,10.6245147850038
0,2.64822275010937
1,0.570922710136653
1,-2.77835147824825
0,-5.19026140185244
1,7.36312375324994
1,7.46927671529541
0,6.80252324358614
0,2.25207734237435
0,-1.34708779792368
0,-1.28880017291353
0,3.6138487856869
1,10.1113439311549
0,2.24874647654643
0,4.23028604390674
0,-0.957942821726592
0,8.75929516528926
0,-4.80993351144298
0,-7.71945730316668
1,3.73859115887262
0,-5.54723452412457
0,5.14236362884883
0,10.1891614561038
0,-6.08641889065912
1,-0.188978156720081
1,6.59995100121351
0,1.15021418156313
0,4.83266510684595
1,7.94249005499756
0,-5.06319528633941
1,3.93310922209313
0,-6.13464901029641
1,10.1310620893094
0,3.9620576484126
0,2.37670220910679
1,0.813141273125725
0,9.09101597866444
1,-3.21208711376098
0,0.636401758101211
0,-1.36283247366037
0,3.52830301733859
1,11.4160382877528
0,8.32821243279467
0,2.23446503219938
0,-7.4860902174773
1,0.195018074690518
1,0.637483878120296
1,7.2794977457927
1,-5.94037454577262
1,-0.997329585968701
1,-0.491581413298141
0,0.208392841651484
1,5.72818327877664
1,13.7647053434763
0,-7.00068128707525
0,-6.70111551885624
1,-3.96176553590206
0,-5.03478805593647
0,2.70238369819719
1,0.251294376133348
1,-0.343645271779593
1,-2.22093352908064
1,7.4742534696635
0,-7.20920765343816
1,-2.86396487555463
1,2.2793001936455
0,-3.12899393742594
0,4.68867476786116
1,-0.701364245736288
0,0.149685443009707
1,7.22681877912909
1,0.662505866436602
0,0.381730924503585
1,2.78029557910577
1,2.03439686513661
0,1.02683338148219
0,2.93637182427507
1,-2.61401183497575
1,-3.94678674562611
0,-2.52401194587265
0,5.29980115672808
1,1.63881214849111
1,-0.000524391478074371
1,8.87596530279056
0,8.81363620081567
1,-1.45683223012838
1,2.39034587330496
0,4.76119870388963
0,1.16978413534014
0,-0.500035984674353
1,0.642205232605731
1,-0.542138475392877
1,1.81969631536305
1,-0.115124186852836
0,-0.426739744740696
0,-0.088202345000178
0,2.19795107261808
0,0.893669385130841
1,9.10114894330595
0,0.206194523846486
0,6.8002001543146
1,5.12425546752723
1,-1.58700275356192
0,-1.24396125425565
1,0.431336395598123
0,10.1620730866871
1,-2.60860792205878
0,-5.8208912326331
0,4.59303768690367
0,-4.42421343400172
0,1.15519866738759
0,9.88169212889387
1,6.74749423863665
0,-6.74334549794693
1,7.67157372499612
1,3.18494624727926
0,-4.93753080877532
0,2.38006949989987
0,-9.91950073038315
1,12.6742446238819
1,8.75822604057879
0,8.02043001992425
0,-1.79984787527979
1,12.1052867593593
1,2.77203846691456
1,5.18132837484952
1,-3.47501396108795
0,0.485476478345182
1,6.86681985619414
1,2.86556763912853
0,-0.764195123586753
0,-4.58641959692361
0,-8.64156879018926
1,0.0273908894075897
1,0.560425768908623
0,-7.25144294684405
1,14.7997118795709
0,-3.43918050963585
1,-2.18257182445669
1,-0.261885819554339
1,13.7218247685734
0,0.558214093487564
0,-2.01132719677351
0,-1.11007515512344
1,8.2527638727626
1,4.29765373418849
1,7.71215710760199
1,-1.39393296530594
0,-3.34686500869529
0,2.97290465806781
1,-3.5514657907591
1,-3.42299104274187
1,0.469360588845398
1,11.9493826703854
1,11.3545139481865
1,0.638073952550452
1,-2.16484752155116
1,-4.09515592354689
0,-3.48728121712427
1,-0.957732053713209
1,-0.673167178884131
1,2.7832628911267
1,2.58531837460686
1,0.0861740336785992
0,0.500643321397361
0,-1.45662820108564
0,8.47691652665913
1,-0.219489414950614
0,-7.98062200964401
1,3.82463272869769
0,1.61010672917008
0,-5.06605294869769
0,-2.45985998826097
0,2.24563785292464
0,7.45329396483431
1,0.551946064782362
1,8.70326294063748
1,7.93630952343384
1,0.122111223139319
1,-0.0876344894086353
0,-0.676963493742204
1,0.75730493985759
0,-3.21171290550634
0,3.80602032020704
1,14.1498855538329
1,-1.16927457043117
1,0.117270915514967
0,8.04564404227222
0,11.0645326442356
1,11.5247674944454
0,-0.554131887565297
0,-5.17919868126285
1,4.77487282139576
0,-8.90654712684815
1,-0.136480014790514
1,3.9501284090399
1,10.76192411654
1,1.13380209747093
0,0.391151108304903
1,9.82886381972764
0,4.7309886241315
0,-2.46883451998509
0,-5.69826602436074
1,-1.90860327071358
1,10.5173389368886
0,-3.63164017701438
0,5.22477871910838
1,11.0676160668479
0,-5.66127336716151
1,6.17639014691257
0,-2.32941420318364
1,-1.83791034028606
0,9.67078715755538
1,8.22386487367411
0,-7.13110054285243
0,2.53165381339887
0,1.37827047525302
0,2.80454451740778
1,3.58728007571866
0,-6.16455914407012
0,2.73764611137016
1,-2.18812123084544
0,3.82434533680645
0,0.226118039250304
1,7.71498026313564
1,13.9606736605827
1,2.41964231634992
0,-5.30126804394663
1,0.267570671141706
1,10.4606169452606
1,-1.19203735827423
0,-6.55081472739627
0,6.59107907976953
1,2.58661564357873
1,-2.31855059497105
1,-0.762378536828257
0,4.58567378990394
0,-7.40717645346683
0,-7.40998781677223
0,-0.643494934035794
1,0.300728928956233
0,3.9338250477202
0,-6.18675031936272
0,-8.57061795999587
0,1.77808111284779
1,4.83767687881818
0,-5.03482011622369
1,0.406671586785344
1,-2.28106253907385
1,8.67775421946402
0,12.4140606138871
1,1.24490524230288
1,-0.232566197446879
1,11.0710939094154
0,3.95011300230926
0,3.08629929129793
1,7.319250085305
1,2.70457609959112
1,-0.303319970393327
1,1.18259619957915
0,2.46485245645439
1,-4.79426418204398
0,5.9929733548321
1,-0.987262954056122
1,-2.7380628543197
1,2.11494205297756
0,-7.93453911141951
0,3.50787091546734
1,0.424375351698844
1,-0.707387022429081
0,1.38269057790238
0,-0.254212541661109
0,-6.51832550666575
1,-5.00872588404995
1,8.38292158047258
1,9.86520925109608
1,0.694726992955394
0,-0.690926821308261
1,-4.6726876491802
1,-1.86362445271258
0,8.68351872379327
1,1.82644390763274
0,8.81741804819777
1,0.416568529246013
0,1.43062419187006
0,1.048738690077
0,-6.42901403602484
0,1.32086079298754
1,2.1517028811221
0,6.53949968100971
0,2.9111487706857
1,6.43252418013585
1,1.43074826241081
1,4.57859607901822
1,0.434384011459727
0,-4.10906028250207
1,-1.21515121244052
1,2.22315011592246
0,7.40553059175181
1,13.7078865767287
0,3.13912329627475
1,10.3916795682043
1,6.37231643526764
1,-1.98920169219255
1,0.28995666398489
1,1.67674794945509
0,-2.98909981186611
1,3.3494212016413
0,-7.11281963412448
1,7.37423665202409
1,4.30017571603752
1,6.79109116591699
0,2.60763533270312
1,-6.19782702759058
0,-2.81721402265304
1,5.95184923881315
1,4.56746269267111
1,-3.36161246177264
1,8.01488790452045
0,0.806240849864385
0,-2.82247727928947
1,3.86816713924369
1,-4.93905003991015
0,-1.53933616710623
1,0.927987981528993
0,-3.90365902183254
1,0.391125839756565
0,-3.28556939851282
0,-1.28409812519572
0,0.58889708900758
1,-0.297853222160747
1,6.10090983364739
0,0.140503232880935
1,1.60996285049755
0,2.58965151596922
1,8.47212233351627
1,7.24672490940471
0,1.28899102047017
1,5.56748722726025
1,-1.05194874102261
1,0.601342269672101
1,-3.59438030917946
0,-5.34283059962291
1,2.87725460156266
0,2.21733974389643
0,-1.57920305951556
1,0.0942373820109954
0,-1.07358262068751
0,10.3554773935162
0,-0.562585139503433
0,-4.76066286797619
0,10.3400093403681
1,7.90804495994236
1,1.0367832156518
0,-6.61487847816139
1,-4.00829922302742
1,7.87601825933454
0,7.73504396889085
0,3.49485864805471
1,-5.55718811138789
1,-1.09053423475272
1,2.94731139242005
0,3.10087007788333
0,2.11000924874149
1,8.60824256528532
1,2.65570606930699
0,3.24353875333388
0,2.08423589792013
0,3.328801165754
1,4.89672146773893
0,-7.52801530769771
0,-5.93129415088882
0,6.84242451806848
0,-1.04997107695027
0,2.93737340132421
1,3.359535270754
1,7.37770393714101
1,2.84580760120027
1,1.1998608294616
1,-5.14911890354649
1,-3.40032808528078
0,-1.08601242806224
1,12.8762329160051
0,10.0756278161313
1,0.365587662204482
1,1.58179242049077
1,6.27145745792781
1,14.9782632632496
0,-8.58314158965308
1,-2.41421087201586
1,5.66203735704965
0,0.475888906220384
0,8.22311203844026
1,6.24907429589482
0,-5.98244620479819
1,5.15754610353078
0,2.91356700545471
1,12.6322291404785
1,12.512509828989
0,4.6642311907726
0,-6.82508017955963
1,5.32774107390686
1,3.96617025965393
1,0.878047662522881
0,-5.25053387084083
0,-5.62312782084063
0,-0.879166419237838
0,3.17502488520875
1,6.52162855748396
1,11.4356570529708
1,14.7299369695185
1,-0.964067145821194
1,-0.341553219914702
0,3.51446709203876
1,2.7773986569503
0,-5.93672366380323
1,9.77509135032004
0,2.61776568990576
0,2.13807859466524
0,-2.83104457967952
1,6.76180258687905
0,-6.99455330564059
0,-7.06361867757209
0,4.49413145243824
1,12.2451606997995
0,-6.9002338576119
1,6.16894604594649
0,-1.09422829358794
0,-2.08827962806503
1,0.190920147249343
0,1.58906601919173
1,6.43856095262481
0,-3.27734237875776
1,8.67669170295971
0,-6.53169214002744
1,-1.41956717271112
1,0.282245247935817
1,-0.867362192704616
1,10.0976422728396
0,1.77429731624427
0,-6.31221188337666
1,8.154833467029
1,0.0640922056330615
1,4.7243456097631
0,0.723258162992991
1,13.0675379660204
0,-0.578877643809385
1,-2.17845434459711
0,3.07144545457654
1,-3.14908082693571
0,2.73926891400454
0,-0.287707234662308
0,-6.99732451436062
0,2.75088089941339
1,2.50533196566147
1,-1.83876226643144
1,-3.64833566077517
0,-8.70286111867886
0,-1.7855993239508
0,1.12735208347897
0,-7.70684944422093
0,0.732522424190613
1,-4.82453590261082
0,1.46534325419884
1,6.30112108811371
1,5.96936880392747
1,3.68028165547523
0,11.1351840050864
1,6.46405604827038
1,0.144813580864777
0,2.35941510564441
1,6.75147005994595
0,-8.52278777151015
0,9.57646679838079
1,4.91852696734197
0,-2.16810320501238
1,3.79703648598947
0,0.086605266652886
0,3.48448942676051
0,-0.740907962181401
1,-1.45806562152892
1,3.85875743037891
0,2.83527639655385
1,10.0368623253722
1,2.72981515845795
0,1.55489518052823
0,10.2278925295767
1,-2.1372207035381
0,-2.14519325568845
0,-2.97575397291965
0,-0.111678207451781
0,-6.20837225902221
0,0.981054715136536
0,4.66148170737794
1,7.78745858480091
0,2.03667600074457
1,7.2614926760317
0,-4.28276740284274
1,-2.63469287717205
0,-1.3930431682869
1,-1.47597688825835
0,3.77667141630102
1,2.50589453491973
1,0.815546528280105
0,3.07231457147817
0,4.27712903171723
1,0.814463923009079
1,-2.11532638642125
1,-3.11696765954678
0,5.98721698798651
1,5.45294609097282
1,-4.13141801405793
0,-0.350346245387778
0,1.34278574278449
0,2.59709004353305
0,-6.12500472222726
1,-0.858832633224515
1,7.395560158154
1,-3.40794333888623
1,0.462019275091814
1,0.253041092289774
1,-1.77740573524561
1,0.69957127003228
1,6.10342327771387
0,-2.01963270315781
1,-2.80212891105337
0,-5.46858772853324
1,0.786505945417168
0,-4.58152603607375
1,-0.163613149125153
0,11.171103148687
0,-0.0953849379949341
0,-7.459977598894
1,4.77053391806552
0,-1.27039525313814
1,1.18089459503898
0,1.16419872371322
0,-5.03920165940581
1,-0.986275079106534
0,1.98529644037042
1,2.57494252306277
0,1.86033006579491
1,-0.034228830827157
1,2.35710676348024
1,2.47273356798843
0,0.313829499565256
1,0.442742004956816
1,9.95189415404318
0,5.34694869158038
0,1.59567188231817
0,-0.982529367553103
1,9.08947659341806
0,-3.8517472968009
1,3.44972218440854
1,2.23975394407306
0,0.457666513467379
0,-7.6051078027755
1,5.43515954753628
1,-0.618260492283954
0,10.1895360528575
0,-6.35986856099154
1,3.23879335639319
0,1.26474010196269
0,3.61501669935701
1,-2.85863582951347
0,1.5417859302374
1,-1.36529584260424
1,-0.671437008780834
1,3.38512237886087
0,3.51777655678064
1,15.3000517842809
1,5.75694942950199
1,1.2946191007542
1,0.358750523158733
0,-5.87422647161654
0,1.9314508172678
1,9.21456388871022
1,-4.39191384085673
1,0.362145621885284
1,-0.967838629742209
1,-2.97831625597755
0,-8.25879591541648
0,-5.21086971067251
0,2.10961981514535
1,2.26858833859658
0,-7.57609439581574
0,-7.9337032210174
0,-4.06265199915605
1,6.52075023697666
0,1.92584042613993
0,-1.52442419003227
1,-2.174129994024
1,11.1296564037748
1,8.29241097151235
0,2.95516800659019
0,7.28613641624982
1,9.40316191617075
0,-7.37623249136643
0,0.422947614573362
0,-6.60940350228979
0,-6.65037115143137
1,3.39313971915869
1,7.08918376821421
0,-0.00369962231682108
1,1.23145345712741
0,4.31687699787976
0,3.37505904327642
0,3.25793713373582
1,2.41295503230666
0,-6.56976920503961
0,3.51503276320155
1,6.61957608160474
1,2.04379966626761
1,-0.720107384154211
0,0.446699419892141
0,-5.10835761707628
1,-3.12471915181936
1,8.08905710194692
1,0.550012948982951
0,-4.73302135323512
0,1.75390748827064
1,1.51136895275313
0,-3.30626695500278
1,-0.809516581752862
1,12.1224139776263
1,5.71518885329226
1,-4.70389438070456
0,-4.40262896738292
0,-2.38720468653726
1,-5.28786252343226
1,-4.26218479024315
0,7.4787416950836
1,-0.508435354257299
0,1.95590687470751
0,2.00439140414223
1,-4.01721761908054
0,-7.92225699689589
0,0.229928209659985
0,-4.1995692696875
1,-0.0328684100424856
1,0.941377069108702
1,4.94706916236652
0,-5.6793838755602
1,-1.12161464938304
0,-6.82350302780015
1,-0.285371804199121
0,-4.34104927506359
0,4.42617877139266
1,4.85936194698861
0,-6.8210603838475
0,-6.26328828069376
0,9.79810009672877
1,2.68988218485184
0,9.45387959829548
0,10.2454545775909
0,-3.38065711310102
1,8.80873373378347
1,9.38282128122578
0,6.63506527703261
1,6.07059765727845
0,11.6454653236185
1,-1.61078755498901
0,0.742050953616443
0,2.12118364943027
1,9.78215545843151
1,4.12715474439538
0,-1.21244285346241
0,2.94718191062284
0,3.29587559528836
0,-3.1562940085949
0,3.11866858654384
0,-4.91778014327407
1,-0.0793569113231809
1,-2.829364713663
1,8.7649553365484
0,-0.334478650925287
0,0.970187393800301
1,4.59634671988813
0,-4.28966720458
1,0.452606921964295
1,3.83592458579927
0,-6.97692478040273
0,-5.49472521067302
1,3.06172524905208
1,-3.3335440130392
1,4.08808631436405
1,3.13768737111314
1,1.25093384781936
1,3.51250731387981
0,3.48881998983612
1,11.374608086807
1,-1.75772881640325
0,4.21050507478148
1,-8.37444287354419
1,-1.31800325250603
0,-1.26508969232214
1,2.14483498590169
1,-5.69238875316344
0,1.80671614415438
0,-4.99929254660592
1,-2.51018512961316
1,-2.67275882229526
0,-7.75645544651845
1,0.267339324143655
1,-2.12921968782316
1,5.35949599427161
1,9.59467725473525
1,6.70927332224523
0,-5.18744501968211
0,-5.99315986358401
1,-1.57968640257407
1,0.502739213439841
1,-1.44167086540935
1,0.337364745256596
1,5.51866819895342
0,1.64477563816465
0,-6.73351926567475
0,-4.313162733214
0,-1.0422905272573
0,3.07473091546555
0,2.12963279468134
1,-1.55190146260348
1,6.6624243255462
0,1.84997346812687
0,-0.63668353034092
1,11.2614067478994
0,-4.92108417351918
0,1.48196660616266
1,3.17104596053504
1,4.24541813199675
0,-4.97319498490565
1,4.94627489812311
1,-3.84226112976377
0,-7.6823644467404
1,-1.17637382401464
0,-2.60421022261633
1,2.40000557270073
1,10.652000581484
0,-2.75549040774582
0,3.2583100054503
0,1.51203232930038
1,-2.7197213141571
0,-1.30967931592601
0,1.13957506492872
0,1.42981193802134
0,3.39199851617518
1,5.15505738210736
1,14.0306389465101
0,5.46969388254206
1,-1.36347690174224
1,-5.07612625895193
0,2.62407244290911
1,-0.337307353909764
0,0.684638707527032
1,-0.557981035915571
1,4.23166572205266
1,-0.034788074395729
1,7.96814667884463
1,12.0158536490602
1,-0.680646029960282
0,-7.34251650058546
0,4.06223431302699
0,2.4970759882281
0,1.2058992683077
0,-4.36138877632113
1,7.69430245017434
1,-0.292251636419546
1,7.26473591864955
1,-2.76964927074853
0,-4.02404032326684
0,-1.09097887800316
1,-3.69957477973986
1,1.70182497882774
1,-1.01880390716316
0,4.43298788287319
0,1.85482765927794
0,0.042543325311433
1,0.847616019678807
1,4.40885146468114
1,2.24137453146796
0,2.20672848997524
1,6.8608416019458
1,9.7531221116469
1,12.7674216603044
1,10.1436015756928
1,11.9959567876357
1,3.23199086475272
1,-5.24037747082426
1,-2.55572449291555
0,3.50380954072551
1,-3.81753600370294
0,5.82746966014966
0,4.56324024181117
1,1.29563735669453
0,1.65133917520838
0,2.25188437539765
0,-5.0719362162437
0,1.685220153906
1,1.90409188487357
1,-1.17783192239452
0,-6.7209572368391
0,-2.96805007440273
1,6.27014608443101
0,-8.24666937196252
0,2.23231335486172
1,13.4499134396767
1,0.0173758602278981
0,0.329554762818483
0,1.22568023327172
0,0.372073405999041
0,-4.73867063769182
0,4.37926805277814
1,3.44024403769804
1,8.73454954405963
0,-2.4479262172341
1,9.81157233620242
0,10.6162653793517
0,8.77728815213695
0,-5.15608374564987
0,-0.336147719098298
0,-6.86540609468689
0,-5.73165574243052
1,-3.89941777029337
0,2.68620099572994
1,-2.11450184590837
0,-3.50974113407181
0,-4.5311568261049
0,-8.23838645449212
1,-3.53219541372305
1,15.3380937918317
0,0.708637279403587
0,4.58353208876779
0,4.14584453179156
1,0.415193592903385
0,0.150045867560979
0,3.83791804364982
1,-3.09783147915976
0,8.11260414934705
1,0.976287933757556
0,-3.38794678666435
1,7.52025318191231
1,5.00582985566032
0,-5.80825807177125
0,-7.76733447953045
1,-4.65864890553139
0,-6.41529956162281
0,7.35031703822537
1,11.0883602910368
1,-1.46743010213489
1,-1.50990918166239
0,9.28405218711289
1,-3.51738643031544
0,0.477766907719749
1,-2.90314293776
1,-0.881744246199456
0,-4.61462328153942
0,-5.62291617907727
1,7.55341615620158
0,7.77755614986176
1,-4.93010763289366
0,8.2637215702419
0,-7.3040292738925
1,0.475632550884846
1,3.64194759804863
1,13.0174638182835
1,7.12681438639403
1,6.64846600124857
0,-6.06309840255483
1,1.50999834517908
0,-2.68288077051578
1,1.19486141690765
1,-0.374474429768997
0,9.22033545933054
1,-0.337297039179813
1,0.136931868161719
1,3.11178057869686
0,-7.0515167361085
0,3.65329542087944
1,14.4791179060276
0,-7.58092594294937
0,-4.05365039920078
1,6.00581742441101
1,-2.3875475456117
0,2.22087837652065
0,-1.28232075890065
1,-0.383860412411558
1,12.6016323657056
0,-7.45914307169264
0,6.09038587768905
1,5.73973692768741
1,-3.24090758427163
1,13.2662394137243
1,8.73814059064067
0,4.51020585388908
1,13.0046082747595
0,2.73846982529007
1,1.30441506576274
1,15.4146657292533
0,5.72530423429665
1,5.10618430214031
1,3.37579957422823
0,-4.96625351150582
0,3.70490239122774
0,2.50752351950364
0,2.27219568151964
1,-1.19690100630409
1,11.1091482296714
1,13.8020658802555
1,5.17626794746379
0,-1.72468189409666
1,4.62762615118268
0,1.2358414709093
1,10.8155481907074
1,13.2507210846658
1,0.945982622286722
1,-2.22017801756342
1,-4.13015808214249
1,-1.46368912656903
0,2.13044251662608
1,9.82429467901692
0,-3.06568224199982
1,8.12290634857177
0,5.84434819381802
1,-2.05072164366123
0,5.27769718512776
1,-1.15812576059909
0,-6.26564110669518
0,4.23498442766379
1,-0.415595781479047
0,-0.983053646050377
1,7.33186583314092
0,-6.67073561995279
1,13.3001191000529
1,-0.718361333945731
0,1.19471643784169
0,8.86968593395543
1,-3.2313442174216
1,7.9502548390078
0,0.587410175021953
0,8.31716662650378
1,-1.76317109752283
0,-4.75995087669087
0,8.96608673992639
1,6.82110018654705
1,-4.85739628395267
0,8.98518507659114
1,2.33137330764423
1,2.80947228355532
1,-1.02137877820852
0,0.457766025281087
1,-2.56799042795412
1,-0.351857356504993
0,-8.04459005482804
0,-6.30724078445164
0,7.6753679058034
0,-4.59534387353757
1,-3.94415385330212
0,1.5065177753837
1,-1.83993887424915
1,0.784481284140447
0,4.77909502293857
1,-2.28846042847469
0,0.833586611911417
1,-3.04422000096417
0,2.01019627582629
1,8.03129719319528
1,10.4906441251007
0,2.18626406259795
1,6.64124230534669
1,-3.02919163907162
0,0.867977549629283
1,-2.89774176580509
1,1.47998914507152
1,1.21110567533031
1,11.8126028913426
0,-4.94097708715973
0,-6.43598039563858
1,4.48747665692257
1,-3.99871989467003
0,0.0446058896037598
1,-0.0613017375372518
1,12.8583404553447
1,6.32655352705433
0,10.9431335621213
1,8.33949628831689
1,10.9025158936761
0,-1.68665290960186
0,-6.83765473258273
1,-4.29115629669984
1,0.082803968324179
0,10.0209838218925
1,-0.21397736764786
1,8.94703882609638
1,-1.8223627330359
1,6.48691602777385
1,1.5841484842044
0,9.44257466823516
1,9.2933435288286
0,5.23886556107684
1,-2.83745669080099
1,-3.77006953605213
0,-8.46913172658077
0,3.95104584828099
1,1.62986252646959
1,-2.30897460625206
0,1.80224899470974
1,-4.4344952199296
0,0.1534366113857
0,9.45358088325771
0,3.49710375320055
1,-0.182979903821975
0,2.82164274903134
1,-2.87850230071443
0,-4.85451610136492
0,4.26497523797438
0,3.10141212347915
0,-4.27326451530391
1,-0.450798101343078
1,5.78961803490886
1,5.34085374367582
1,11.0385318327148
0,6.2197554094566
1,10.003387331223
0,10.015898262713
1,5.39384389563345
1,-6.03107873630409
1,0.692894218523847
1,-2.07486145850954
0,6.68951314086443
0,-8.37428492857565
1,-2.03415632560455
0,-0.483650429978942
0,3.92379171291018
1,-0.198575411972376
0,1.86226059086299
0,7.14375173200337
1,-1.41849591385033
1,14.5534902242457
1,6.32444415645709
1,5.8387427208781
1,-1.43296534546197
1,8.50950651995901
1,1.04385649869509
0,9.08885380793201
0,-7.46498258054721
1,7.3751117945708
1,11.4899477685485
0,1.30805958694633
1,-0.724755717740051
1,2.14820772306271
1,2.03540879865511
0,-2.59658529924661
0,2.28938441597215
0,-0.597134605352855
1,0.659781792213604
0,3.04004393224436
1,-1.60520073474343
1,-0.700175809705264
0,0.746220495906227
0,-4.3826316306808
0,7.70649412781223
0,-1.47307687338994
1,8.27947168294541
1,7.86727747142982
1,-0.849038793516896
0,2.66471855656956
1,5.57303708849166
0,6.86542522891961
1,4.91108783082709
1,0.766929331415412
1,-5.15798521235369
1,10.8690137476048
1,0.220727178644159
1,2.03152682072724
0,5.26524848952654
1,5.04133883520548
1,-3.57869153526816
1,0.92834201251475
0,-1.69141244504367
0,-7.03890770977446
1,4.85930567671743
0,-8.27139924549911
1,4.78969316726185
0,-5.45037129907922
0,-8.00128165151065
1,3.69890245927373
1,-3.43613870973393
0,-6.88933916333884
0,-3.32409900993668
1,-1.46292118184258
1,-0.0492113530828436
0,5.17842478846952
0,-5.5992571191868
1,3.32180491417649
0,3.83271023772414
1,10.7512386526165
0,1.6328887110962
0,7.90982060784166
1,3.63942631714578
0,2.2895389428571
0,-4.73276060902859
1,1.85241498932658
0,9.29118548808842
1,-0.103513325724159
1,7.67875613675113
1,3.65445801348649
1,-0.485620750146625
1,0.657383451787281
1,-0.926620903320608
1,-1.24386315434593
1,0.694136154609011
0,-5.93253208865254
1,5.69416726160267
1,-1.71192932326452
1,7.70237334684948
0,-5.84059789328019
0,6.02241093931968
1,9.32683465130842
0,11.0938533893893
1,7.47487541710936
0,4.55336628419438
0,-6.79265642660652
0,1.513993254183
1,-0.179519640792837
1,10.2896002120293
0,-7.68498958993806
0,1.8066306088989
1,-0.489431804624651
0,9.58443730209074
0,2.36127224318948
1,-1.10983453156119
1,-0.779535852286753
1,0.319340600098002
1,-2.4623474289438
0,-7.39493777098314
0,-4.90390071908189
0,3.28934811170617
0,8.78287490229564
1,11.3385427531315
0,1.86741273382131
0,-1.58866704393535
0,1.56343456965504
1,2.88184143810688
1,9.36792590951116
1,-1.64929921160808
0,1.32379097382337
0,5.24979920237174
0,2.50494453852071
1,4.14055073244296
1,-1.66264635409313
1,7.5811003682616
0,-0.413752950921203
0,-4.26669857650085
1,2.96505299458541
1,-2.7219841350529
1,3.41329185242959
0,-5.93008678190426
1,0.201670386274982
0,8.67160666253442
1,13.0071560603283
0,1.475306452831
0,2.10648463728085
1,9.17871712310045
1,4.77085358162037
1,6.01042051660614
1,-4.39206636484737
1,5.17448341988359
1,11.6484670825359
1,7.23010787922097
1,-0.633646660296659
0,-3.60616078224023
1,0.245859819956969
0,-5.71606349061348
0,-3.98603986624558
1,11.0785334389155
1,11.6717302674321
0,-2.66039818555751
1,5.30435578377559
1,0.193795228509522
0,-6.10683358028183
1,9.51881377110563
0,2.24092787776154
1,10.6413635072233
1,5.0941416395465
0,4.06965944668458
1,6.69545363628658
0,5.10707804394533
0,2.13148663403703
0,-3.2248780948151
0,-4.64695288708995
1,0.827272240432641
0,-4.95980476347651
1,1.15666525858702
0,-6.97742204606864
0,2.69720863817037
1,8.2216894969047
0,2.7637646381804
1,11.8107289202151
1,-3.84234139622793
0,-6.46775424669175
1,-1.42023291987385
1,-1.09980791602382
0,-0.202504787628202
1,-1.0752900879304
1,6.69631514714436
1,4.18530211161057
1,-2.86011780298798
1,-1.90197238716416
0,1.45025226510699
0,6.75596984487225
1,10.3439084058613
1,8.7192062712235
0,-6.17442648250648
1,0.086651677633188
0,1.80517765528907
0,1.07386177189587
0,-6.32538522626247
0,4.88657525001859
1,1.58489658256236
0,8.72078392580118
1,-1.16480516190796
0,3.21235955973362
1,10.6691363304762
0,0.601389948623534
1,4.36962423682253
0,5.09309675220136
0,-5.32713211008935
1,-0.47895991033245
1,12.2775967067874
1,-3.21056327405087
1,5.87229147510804
1,1.98898318678534
1,1.54333837782097
0,-5.11409711766595
1,11.4094657992319
1,-1.87421641915353
1,-4.55433113632498
0,4.35331090407546
1,1.29567482601966
0,3.12305873530356
1,9.37359474405826
1,1.30624669432848
0,2.76081430887484
0,12.0927382496029
1,0.528828602590684
1,4.97358443468345
1,9.3543581412901
1,8.67422525826039
1,-5.35014635900398
0,11.0023696946742
0,-6.77874870626454
0,-3.58148852941355
0,-1.59409123925022
1,0.927426437878662
1,-1.84231199857135
0,2.41209139438569
0,3.9575215240875
1,0.307816220336243
1,10.1210148237338
1,14.0330768485555
0,-6.91383587453608
1,1.28494402137681
1,0.255471868191229
1,4.58277789746659
1,5.11438460815147
1,-4.18489206519049
1,7.21400147949195
1,4.54091779789928
0,-4.08971544760502
1,-2.26133855982607
1,1.616301070789
1,-0.951976323952413
1,5.01945624059081
1,5.21385120295095
0,-1.57084108228724
1,1.45504201719022
0,-5.98014866797921
0,0.482865736836346
1,1.09811694109365
1,1.6597240889142
1,1.03103377872586
1,3.8223205886776
1,-4.81804749231248
1,7.29647974138866
1,2.71059737490814
1,9.689023343079
1,0.522562892772795
0,-5.55059122080808
1,5.38632073933412
1,-3.49182074675352
1,-5.03265682635403
0,-2.40809593872306
0,3.69107847770759
1,0.269639711308452
0,2.97682228820514
0,1.35778556015144
1,7.111718322283
0,-6.97570205942
0,8.63649109857035
1,6.75423888947001
0,3.69437827331277
0,9.76138069828707
0,3.69766439167441
1,7.61042105397425
1,11.5944071684092
1,14.5558459897954
0,1.67432477684652
0,0.420552400358745
1,-6.04251218534112
0,8.41860625182598
1,1.90336883693138
0,4.74128745121782
1,6.63233070256388
1,-2.42222746551442
0,-0.924861954487184
1,-1.84457202028882
0,1.63274867934395
0,2.04551533270591
1,-5.5981978096148
0,-1.05874448367381
1,-0.0647669051990838
0,-0.58150156177292
1,0.994957789270004
1,2.7782413699803
0,-4.78566445256424
0,10.5758741349618
0,-0.462928670296331
1,8.35637149182724
1,12.2977884097955
0,-8.79926979333302
1,-4.40336778521394
0,-5.48282815103816
0,2.10600689400975
0,-6.37316739248457
0,-2.38480360782575
0,1.8370603759875
1,-1.09511523032356
1,9.78547356387286
0,-2.87644760376757
1,-1.08686449184248
1,-1.58248377301393
0,-0.314588615453889
1,-4.68411061020494
0,-3.05847308035913
0,-3.93859337856593
1,-4.91756524440846
1,10.1463296792776
1,-1.52493323028362
1,-4.12740329477911
1,-2.23561876566273
1,5.05511247717753
0,-4.24894186045097
0,2.33251030706147
1,-1.7005992631257
1,-1.17597835036727
1,-1.4581136389102
0,3.46875256026878
1,3.08838673297307
0,2.94130799601275
1,14.4949436843573
1,12.3706624126992
1,8.91787415464352
1,9.39446414492193
1,-3.23802293605091
0,5.52784935055226
1,1.58728041105815
0,-5.60300432475657
0,10.8248132937808
1,7.68969733975641
1,15.8707672704197
1,-1.3239674452087
1,0.639220657418302
0,8.57500525875324
0,7.10466183455723
1,-3.5761369642716
1,7.81625285091425
0,8.08254586461628
0,5.94415155552235
1,14.2679133628839
0,8.4086798773864
0,-5.21305481098111
0,-7.14348412231688
1,9.32654909625924
1,12.0871024110688
0,-1.41799004774837
0,0.406526819462888
0,0.738280220708177
1,-1.03798972965791
1,-1.47944083930867
1,-2.06180506562766
1,-1.31901421957644
1,-2.39845944400232
1,-3.19627071635853
0,-0.406514697349298
1,-2.34852888211095
1,-3.58125301543809
1,-6.58648677450812
0,9.25804417364541
1,-0.734496878614691
1,-3.7165306908516
0,0.958138524938542
0,-4.19662509037325
0,-2.21892082296438
1,4.18920118561662
0,6.82243292922876
0,8.65196477810078
1,0.757288156513104
1,9.75001353994662
0,3.95494187295834
1,1.7468743909856
1,11.2783417875513
1,13.2797917345959
1,5.69640304145786
1,10.7974436131779
1,-2.11000789418294
1,-1.30799651252775
1,14.5684858334461
0,2.38544491098184
0,1.20527737509091
0,2.00914102771658
0,-7.14610035105443
1,2.65265798698541
1,3.61225945490591
0,-5.26854023646546
1,-2.64602247265079
1,-2.5676177461727
1,3.37735876589296
1,2.63538787493924
1,2.91873271541182
1,-1.44916617106427
0,0.708538077248771
1,9.16770231280966
1,13.5895422758169
1,-2.78359222665208
1,2.98567903807888
1,3.90246394324535
1,11.632802482696
0,1.63259718199016
1,6.36005970357409
1,3.06241561881423
1,-2.57352417149956
1,7.65507658174598
0,-6.22629599754533
0,4.02789333206318
1,4.89252690129427
0,-7.14786266469259
0,10.1908282149979
0,-0.518879817784113
0,-6.07631401687828
1,-4.24734548422414
1,-4.62466870567871
0,5.64451588142954
1,8.47821527895182
0,1.6277759254528
1,-0.945113297344108
1,-0.37619398150394
0,-2.43160099257636
1,1.48646748314404
0,-5.68779589418816
1,1.00655587601977
1,3.76618021639278
1,-0.104206722721933
1,-1.12486982086278
1,-3.57635034695414
0,2.15887759812348
0,5.57664735338253
0,2.47148230186856
0,9.18741841100686
1,10.7985041871349
1,-1.6300374463799
1,9.43197015726141
1,-0.371212335420177
0,-1.17336966599
0,-1.42591257346747
1,5.08102794952714
0,-4.76321380655163
1,1.12217419042631
1,2.04299804316329
1,2.03784535714769
1,0.142487691521597
1,-0.973540456746142
1,-5.22062431224723
0,0.766891874355662
1,-2.08174822625329
1,1.15285354515306
1,14.3671609427606
0,1.08546854609509
0,7.12489486789326
0,-4.43557548454995
1,3.29724530579591
0,4.27687967172675
1,4.73697835630962
1,10.404232583564
1,0.782331177095065
1,-4.00392079560566
1,5.57981181561161
0,-8.36477169590619
1,10.8402470250312
1,9.31097742308034
0,-2.99091948406443
0,4.08906984661106
0,-5.40574905090669
1,10.4713552537012
0,12.6020586756424
0,6.30908973282565
0,1.97161900798982
1,12.5968520741116
0,1.03869427397669
0,-6.01555609774442
1,4.8753950222411
0,6.88646795779036
0,-6.37548418208288
0,-2.55741071617422
0,2.8666426112153
0,-3.52935059911205
1,8.34496743424783
1,-2.70986389587847
1,-4.19385193147061
0,5.76923693450464
1,0.929610053009859
1,2.18253369585499
0,8.81752518978545
1,-4.19695862657582
0,-0.325347476703253
1,0.717461912994967
1,-0.902738939122474
1,3.69618806877075
0,-3.45026984014452
1,2.44679068835924
1,-0.766908326845592
1,-0.642130155267687
1,2.3765761140692
0,8.53729914687064
0,9.20211126846723
1,-0.017415272128934
0,-5.00114508474072
1,-4.71934506385522
1,-2.80747580375511
0,0.814003198105315
1,0.492602049317417
0,0.27006360706361
1,7.23567014802054
0,0.321498912740033
1,12.7521035984119
0,-1.10384633676484
1,-3.15209498808313
1,-5.65757891114109
1,-3.30817653361634
0,0.763825066991191
0,-0.251467377679425
0,-8.5430785993391
0,8.68922257106854
0,7.61776268441867
0,1.07186380398621
1,1.75631630063809
1,-3.88889320763623
0,1.23253927739365
1,2.79126817775787
1,11.5635440496521
1,11.9636028872416
0,3.46899930894171
1,10.330289053989
0,0.889880805909949
0,-6.31744512871835
0,-3.16072451169124
0,-0.70356539440198
1,1.41329653315656
1,0.716686855925543
1,0.385122486047237
1,14.7238886867612
0,-0.0734819277393038
0,-1.42585801993009
1,-0.860432009512231
0,10.7320182996483
0,0.912510217198746
1,4.73261943093203
1,4.52489474531066
1,-6.9725104125353
1,10.3045656673861
0,-0.859454226053044
0,0.0241918908571395
1,-4.8453728612059
0,1.79383816507388
1,-1.53488918666909
1,-2.37382055971633
0,1.02974964053422
0,2.9233423279902
1,8.24982636199566
1,2.8553056291568
1,-2.41130568966827
1,7.14399432135995
1,-0.317541703025788
1,1.8317993792176
1,7.72618629965419
1,1.80930242237699
1,-2.16796787146423
0,-4.96969140597711
1,7.98046134282126
1,15.8778441092061
1,11.3768323666002
1,7.30197815524383
1,-3.74387786309912
1,2.42106208160984
0,3.49914062792692
0,-5.95214788115184
1,13.385753195736
0,-7.93037552341331
0,3.17814725844688
1,-0.688229310053903
1,12.4954468323115
1,5.43461561241963
1,-3.61571137202732
1,-4.50474466366983
1,12.000473602009
0,3.53538056242112
1,8.99222098590029
1,2.14207179220688
1,13.0353995001729
1,9.69245387464522
1,-0.237435249709874
1,-0.445022995763965
0,-5.19760569502408
1,10.8271211681595
1,1.57276552630678
1,-2.68467084157894
1,-0.515410643566697
1,8.0729217957131
1,0.847652937451262
1,7.70126894027402
1,-4.69970237249055
1,7.02238968718623
0,-8.33756432852782
0,-6.94675792035884
1,10.2875392653332
0,-5.99002619915211
1,2.85661650107572
1,15.1003468552541
1,0.512906233311656
1,4.45494786578484
0,-3.61506477741273
1,-1.42592625415042
1,-1.27761104318678
1,-1.67801469496108
0,-7.40636073853297
1,7.54668497480781
1,-1.44883578504442
1,-3.67607928259259
0,8.59965049169683
0,6.48002801756639
1,-1.22330820089204
1,13.7777813685137
1,9.59859457866098
1,0.848991663555426
1,12.2219615925745
1,-1.34276855819339
0,-6.21895929382906
1,5.27439142210677
0,2.15238568657213
1,-2.16535337104793
0,1.63464830078261
0,2.90050373389078
0,2.4740431744813
0,-7.52282390094367
0,1.02953703034277
0,-7.7709693962499
1,-0.143441823045994
1,3.90505541811494
0,2.15410012721601
1,8.82528929224448
0,-4.92515237376315
1,7.04591968585547
1,4.00833046161846
0,-8.22511665970197
0,1.71257473735751
1,-0.294477164061421
0,2.02115425305052
1,4.13379171428216
0,1.13185884031397
1,3.086826709032
1,-2.76292604245734
1,2.75833983023367
1,1.30688170200543
0,8.97418999492817
0,7.65347160047178
1,10.0203904450048
1,1.15842935861387
0,10.4264923838655
1,-3.91053000927963
1,-1.50371027911424
1,-1.35271991803706
1,-6.0618953555227
0,-0.127050646103191
0,-6.91570207211988
0,-2.72218501898446
1,-0.852450086487846
1,1.87701506381505
0,-7.91019387465606
1,10.8279729109348
0,6.19894123222865
0,-4.20921342790881
0,-6.2133841020816
0,-7.7437394372421
0,-7.13937427507809
0,0.803598569062835
0,0.454026973721805
1,8.18260019753325
1,1.35610894635185
0,5.09847909302256
0,9.65801207088129
1,-3.11288121124323
0,9.12156886808296
1,-0.188724398117758
1,-0.168099754674192
1,13.6521263585558
1,-2.14099585401261
0,9.22577076123705
1,5.07837192406527
1,-1.58712194173452
0,5.08063517100255
1,6.39346305061575
1,6.12519929472421
1,0.270899708407297
1,-3.94174173779973
0,-0.650680075488573
0,-8.21681542845378
1,1.60770507056892
0,0.861529731963071
0,-0.100357798689817
1,13.9920435812792
1,-2.31760892801826
0,3.09305906478599
1,14.5386124781407
1,0.302455297320347
1,0.580543689875041
0,3.22303501417808
1,4.42598630392258
1,1.85576866510875
0,2.06233907032141
0,1.13041053951956
0,-3.86684268167267
0,1.47681931017239
1,2.41439448595836
1,14.8859086768004
1,-1.82785197535624
1,4.63115480798172
1,4.36869603690827
0,-4.9877421601803
1,5.12520009717217
0,2.45811184074414
1,2.89684871870886
1,-0.0371177891451622
1,3.584580585525
1,0.502553879154506
0,2.41915395388943
0,10.534504947319
1,8.22267708601645
0,2.17661859145332
1,-1.03715665385328
0,10.8362860609799
0,3.901764005313
1,9.82805807444847
1,2.56134916064246
1,1.37950606841608
1,4.97265074930813
0,2.22370836733483
0,-3.18200759963114
0,-6.08257347160562
1,-0.692622176058225
1,-0.176805419504344
1,3.54747343609768
0,-0.463551498809632
1,1.78438061127995
1,6.06173410404357
0,-0.324570973455437
1,8.88881749543194
0,-1.3018450007214
1,4.95983735727791
1,-2.16335023094335
0,1.36731798512792
0,2.6895476775157
1,11.4067280059749
1,1.07610186526615
1,-4.28535628384812
1,4.33254976433454
1,7.24845399245827
1,1.67891982467555
0,2.63373600748803
1,-0.642829374545835
0,-8.51604928858067
1,-2.44073176929603
1,4.49476051223217
0,-1.5666318296132
1,9.86666538781374
1,-0.417176781585252
1,3.05998633148318
1,2.31530770437592
1,-1.3158731302467
0,-4.23385449068644
0,12.1115493264373
1,6.34538391088483
0,0.621326511731014
0,-3.12569602816117
0,0.138459445738089
0,5.25532153980671
1,7.79238213210445
0,-6.63174267417305
0,0.436285563038571
0,-6.56310893587562
1,7.22029902584893
0,-5.56417960706329
1,6.57537901165485
1,3.09344261576796
1,10.7522916639273
1,10.3822347994164
0,-7.83827350445841
1,1.53322648922133
1,-4.3729040981342
0,-3.98886385068164
1,5.99242673619285
0,-0.969438142986042
1,1.28199360452129
0,9.11083085249455
1,0.80854755534513
1,8.16198736890095
1,3.94331208784258
0,9.69901388777467
0,-5.67396432397524
0,7.75948885025121
1,7.99785087140835
1,0.79143710661033
1,-3.81894989765799
1,0.172221143361999
0,2.15181169772667
1,7.12175158239296
0,-1.47831043120941
1,-0.743869385496803
1,3.20407763989034
1,-1.71043876508408
1,5.96795979512661
1,-0.0295144810221319
1,-3.30378871884844
1,3.33057573929233
1,13.3458415149924
1,-1.62155019028905
1,-3.7351697132719
1,11.3392950734419
1,-2.01793865789731
0,-2.02891663582723
0,-0.0800799135935972
1,-3.74057152455562
1,4.98781835054693
1,3.73254874966128
1,16.6683725879325
1,-2.54851482817347
0,7.89163948596979
1,0.84831256580934
1,0.829637643359144
0,-7.2906250501284
1,2.68908467288809
1,3.18809327030807
0,6.23264958722007
0,-6.41369452119582
0,1.34673174809849
0,-0.74532751733007
0,4.51501093725322
0,-2.34974696972431
0,6.33276682081555
1,-0.748169555279206
1,-4.24850068240934
1,-1.43733935736113
1,-1.71981164271932
0,4.37636029289423
0,-0.630890554841501
0,-4.67754036518948
1,11.0684354939393
1,-0.485042667237375
0,-3.23805622111716
1,0.285503395472391
1,2.7482862076799
1,12.6445952614872
0,3.45875559877902
1,-7.69155006154132
0,-8.12777597626165
1,-4.72620689598502
1,1.2100633294977
1,-2.04719628104719
1,0.230704863056439
0,-3.95871028961778
0,0.50475239354342
1,10.8713519472273
1,9.46515054045361
0,-4.22141631125082
1,-2.71362997331821
0,-7.50222438292218
1,-4.10604174291233
0,-2.55448438491776
1,-2.19249735758202
1,4.12242269157102
1,-0.319287212119786
1,1.38050299456423
1,8.09589653776083
1,2.85269201661922
0,6.16953561654335
0,3.98815658339326
1,-0.593541388051967
0,-5.07977918786639
0,0.597408032191514
1,2.30424750931061
1,1.01851704968553
1,-1.11189943268493
1,0.464573219445916
0,-0.329433419777587
1,7.5162385856267
1,9.96420143138034
1,9.28075919866604
0,0.280896086405488
1,2.37149914788538
1,11.9989008296885
0,5.3619567150159
1,9.86953975090872
1,-1.34546865230786
1,1.35877989736544
1,0.541127231648385
1,1.30915361865588
0,6.89278547492657
1,7.92902592267584
0,1.77225492290518
1,-0.0749799886305094
0,-1.06281834390986
1,13.8627687699367
0,-2.83399110500628
0,4.85173211984981
0,-6.07999873408425
0,-5.11967105125325
1,3.53269493253136
1,-1.07633970920952
1,2.99956214653038
1,-0.566907667994319
0,8.15750704013946
1,3.42325467961042
1,-1.44369904461837
1,1.00834211947841
1,11.226088562506
1,4.66331466444756
1,1.16943339628931
1,-0.29470643825218
1,-3.58090729069589
0,-0.73736350046201
1,4.8704207557007
0,0.655951897331456
1,-3.32911210424743
1,1.4061681937196
0,0.736774467363503
1,5.97111534018554
1,7.90878112019495
0,1.48114906082486
0,0.974614306145145
1,0.430063064548894
0,-0.750232320192949
0,-6.47385718574384
1,-3.80962160688041
0,-5.26965251977382
0,-2.34900522201912
0,-0.517862214501151
0,-0.0443510250208496
1,-3.94421063679986
0,-4.73763343299272
1,3.20663315568404
0,-7.54848354160308
1,4.32941527235277
1,1.40214759225137
1,13.897284972433
0,-5.40756692612658
0,4.96870112941913
0,-3.29523362759014
1,4.22522161018248
0,-6.40834130146951
1,12.5656243164559
1,-4.62096551865951
1,-2.86265838891789
1,-0.972327257140847
0,3.9450646723565
1,0.998799534240414
1,-3.94330340032238
1,1.3728297539906
0,-1.19148946204048
1,1.38607639750209
0,-1.76139729350514
1,1.4540422176327
0,0.522625786058317
1,13.600235679778
0,-4.9249955922986
1,-2.73258153529196
0,-7.41881632963663
1,0.374950009439489
0,-4.3325615240977
1,-2.84812621585129
0,0.880820238138691
1,-3.83876733716806
0,-5.30873587703343
0,0.594967258007769
1,6.49370974960466
1,-3.43177662447549
1,0.619565313814415
1,3.67700426782702
1,8.57960723425082
0,0.696862549743696
0,2.25573244518844
1,4.35943592312941
0,-1.52339899533023
1,2.46342970687295
1,3.22958899879159
1,7.88574745951401
1,1.6460087361792
1,9.14162685269626
1,-0.248553479538553
0,0.636301565661803
0,-4.35833461126972
0,-6.07382019484012
0,7.00480226957702
0,0.659873021350921
0,-4.78071503274955
0,-5.3250337926168
0,0.0742610640125007
0,-5.18570481785191
0,6.99767496799444
0,1.65479333994783
1,-1.36591146277089
1,12.459623785602
1,12.3678846062325
1,7.60654645167397
0,8.7612560867111
1,-0.72632755370324
1,0.283873905814488
1,-1.85678270077748
1,14.177129679756
1,-3.87130106665139
0,-1.63363829045576
1,-5.98224097432387
1,3.84050421803685
1,1.11622213140187
0,-6.47711435317447
1,8.14124237257619
0,-2.26173663307081
1,2.60126263799734
0,1.00486031203494
0,2.38049523068904
1,-4.66232597525912
1,10.7236845400718
0,2.45921597728225
0,-4.43784705773508
0,-5.27651460646061
0,2.04385752013556
0,3.19196003404806
1,8.50122800707598
0,2.83288681825384
1,-1.31216391064225
1,5.21347834843141
0,-4.74935339102051
1,-3.03235760956469
0,1.02691540519599
0,-1.54800300322035
1,11.2536519243923
1,14.2811127492536
1,0.171887376229176
1,0.585552315887298
1,10.0540594391507
1,-5.38774043898844
1,3.46817232655613
1,1.59349170098621
0,-5.18503764125816
1,0.849496673651764
0,-7.80333898056306
1,0.174233383784661
0,3.20872335426552
0,-0.565807567559659
1,4.13885465910207
0,-7.65395561690042
0,1.57295894970106
0,-3.20139086658452
1,-1.56834751667229
0,-4.97214589643135
0,9.54724875847813
0,-7.06836140177268
0,-0.133141573820587
1,-1.65374429517596
0,8.47699626429571
1,14.989975368938
1,7.45907729614168
0,0.215405653084117
0,-1.39480121713181
0,8.57956104676741
0,-4.09872040221121
1,1.10457560407225
1,10.6410667450436
1,12.3234548899906
0,-2.33697692821633
1,0.286134890691011
1,5.98260484455447
1,-0.840454505482085
0,2.15010813358921
0,3.81175634821705
0,-0.161889637597037
1,-0.239402594578643
1,7.05061759339309
1,-0.653235097072497
0,-5.93856198946723
1,3.0463985331172
1,13.5230414131185
1,-1.18277662259244
1,1.44586507367741
0,-2.59011816482543
1,-1.04393849895375
0,0.551578886474714
1,3.73621288050367
0,-6.99090616873209
0,-4.94849647765884
1,11.6612662047297
1,11.8855526323513
1,10.8047188122979
1,0.267428677388572
0,-5.12377575416537
1,-2.3808500694915
1,1.58473181593628
1,10.0382273404994
1,-4.61941010490738
0,-7.45510052170261
0,0.605082912435761
1,-4.68410342026143
1,-1.34217272610113
1,-1.56721495214559
0,-1.60034762774941
1,10.0894160726168
1,7.33115108698758
1,6.98379024012989
0,-4.50956779118021
1,-3.27468807798531
1,-3.31717826959035
1,7.57493018196536
1,8.51210875275683
1,10.0203913647047
1,12.3815261087023
0,0.635517281794686
1,11.6668197476908
1,2.392986716055
0,-5.00163506722159
0,-6.66483441209016
0,0.811142626674853
1,-1.22960763086931
1,7.87004207763902
1,-3.96218535400971
0,0.118789064825837
1,-0.169344618123748
1,9.97873128678269
0,-5.71233837245415
0,2.86081177078161
1,8.82655806990239
1,9.53942058619446
0,0.434676839439632
1,12.4172090144388
1,7.26344955647171
0,3.47111594499219
0,0.518393846841463
1,13.9907654870931
1,2.45944222405445
1,11.0411566599372
1,-3.18470890630669
0,-6.61134532800459
1,13.0071760864696
0,3.43547836145569
1,0.734985528610972
1,-0.362871414274693
0,-1.33889379636041
1,-0.791384203922564
0,7.61581075488954
1,-3.07307337718064
0,1.3766118998144
1,-2.15354660417711
1,-1.49321768266487
0,-3.75564123588283
0,-6.08821861565199
1,7.56825654874404
1,-2.44464261217042
1,10.3178028153369
0,9.2913825360356
1,1.11300996441596
1,-2.06341087536818
1,9.4006508444287
1,12.0648858524261
1,3.50787479181797
0,-6.86697461098291
0,2.22084137393249
1,-1.4180571462485
1,7.44583509193876
1,-0.159377281651724
0,6.31081847017636
0,9.70314338269869
0,-5.98559435959193
1,-2.60615099706081
0,-7.32903651282896
1,0.419963546425982
1,13.7500261633355
0,7.09272484437016
1,8.96599343256836
0,4.04775381741511
1,5.40882909506915
0,9.00982428891324
0,2.33857580430417
1,8.74670973625123
0,9.04095728954136
0,1.01382447672744
0,4.26137957651988
1,-0.899330544995594
1,-0.183079957675492
0,-8.32526046405704
0,-0.424278597753773
0,4.65655439633226
0,-1.80152286546688
0,11.0796055022453
1,17.4395276270095
0,-6.23382457243746
1,-3.39750483476246
1,5.62712056832819
0,-5.87950903688992
1,9.85014743272824
0,3.06574177716497
1,-0.595764188550599
0,-4.46400577902653
0,-4.19921394630486
0,2.29185069821926
1,0.165831380599532
0,1.4590456240263
0,-5.95817166601477
1,0.927093767708087
1,-3.17560787490136
1,1.79127722858956
0,2.72301618609846
0,2.03453341063529
1,-2.7387899881435
1,9.46113094369472
1,-2.40855184429336
1,-2.30359403781072
0,-7.49715114305878
0,-5.0937354694826
1,-0.192366625377031
0,-6.6249909604346
0,0.439272230009095
0,-6.86908401541727
1,-2.86791143766243
1,-1.66553247232308
1,5.21914884939433
0,2.89725215438795
0,2.3792910627935
1,12.5158851520281
1,4.31038932075004
1,0.870302749151593
1,-4.07284671766042
1,-0.0822814339202454
1,0.370070860536205
1,11.871073908842
0,0.499689921254239
1,-2.00754424435777
0,-0.344713620265523
1,2.69720238192347
1,7.67106744661438
1,13.4157383094353
1,-0.126958458952272
1,-1.41576764134867
0,9.88989705357403
1,14.7418697652525
1,0.730118928628569
1,-0.535330343292895
0,-0.946021517983123
1,3.77194120853044
0,3.59210205604831
0,0.531821449113067
1,-4.4503220526235
1,0.317443095109705
1,-2.99157281622526
1,11.8030539454424
1,6.51539489424547
1,1.70101379741176
1,-1.34450871383977
0,2.31122561882654
1,0.0118917359686827
0,1.98441149441027
0,0.612527926751515
1,0.15501728027014
0,9.40516303249078
0,-7.64070877182174
1,14.3296498259024
1,-0.849084326804893
0,2.35838725681973
0,-0.0546865728105405
0,1.77867700947556
1,-2.66779376484677
0,-6.33670163649875
0,-5.47371195531776
1,1.39222351779248
1,8.49650192868664
1,-0.522786621365215
0,4.21328144172995
1,10.0425507888654
1,0.541588373550015
1,4.84142901584134
0,2.45258295411838
1,12.414220813861
1,-0.505048830072052
1,-0.626526150260301
1,-0.914949513450834
1,8.06769243657099
0,3.86300317551737
1,6.47238383154709
1,-2.62063064457754
1,-2.77985531352458
1,4.44264187966788
1,0.490825804577433
1,-2.2834810953078
0,-3.23300188172095
1,13.2302341838529
1,-3.28209116131859
0,-6.16605462383203
0,0.431060093026558
1,0.191872103424626
1,-3.58179921425599
1,-0.174678294960725
0,0.637682878561748
0,1.04415253190861
1,9.37429511344262
1,4.25543130169188
1,-4.70914553703849
1,6.69257933090223
0,-4.24584371877548
1,12.3856569776817
0,2.65955838514358
0,1.3790653903215
1,2.92351740145642
0,1.88455202491382
1,10.7771298565409
0,3.45458577579278
0,5.24977073881817
1,1.09235777010535
0,-2.31950340336045
0,1.55590784664332
1,13.9414425399358
1,7.97275910048173
1,-2.76452990912067
0,-2.5703904593549
1,6.9402137958727
1,8.06365739521916
1,-4.23032796788995
0,-1.47085296226357
0,-1.04962997079326
1,5.01630086086154
0,0.278613843004244
0,-6.21382396945566
1,13.1840560157528
0,-6.8942504619626
1,-1.9441610603766
1,2.8970260283189
0,-4.15281500265576
0,2.66610433995051
0,-6.76285598869881
0,-7.05296745214913
1,0.558821042119872
0,-5.18273177110002
0,3.57433467912203
0,0.934949832126008
1,9.30278252812968
1,4.2292309594854
1,6.53747190573123
1,11.0060790601029
0,4.55822059931952
0,-1.2360894916732
0,3.2510596770599
1,15.7816832103935
1,2.11532252960339
0,3.85096059108406
1,3.23356878224014
0,-4.00045497039798
0,-4.85797350236615
0,-5.67208513303738
0,-2.76967008062587
1,6.5098447752171
1,7.00999266173237
0,-5.90688850318602
1,2.07760008555321
1,7.09088187651087
0,-2.99154323889594
1,-1.47966111245335
0,-0.577843520071321
1,1.71122190857826
1,-1.06778280095448
1,3.01574190712956
1,14.9142655983735
1,15.3916989247991
1,5.80707794163605
0,-4.25042097067879
1,6.55285002001184
0,8.34643996412914
0,-3.1984419974053
0,2.06091800112586
0,0.378013360505522
1,1.38477430724686
0,0.796605221579366
1,3.63089745128902
1,-3.63235816551666
0,2.57686777812974
0,7.99765812465348
1,7.53426622978751
0,-3.08044465559196
0,4.8805968358711
0,-5.99618991909849
0,6.35298800045008
1,5.45722301254738
1,0.566846972359937
0,-0.960542658385493
0,8.33282507586962
0,-5.06591316860253
0,6.68030344870987
0,-1.28373168184313
1,-2.62609220953864
1,11.9171570815217
1,-0.157304350861943
1,4.19057216490554
0,8.89759440446032
1,1.27387677699991
1,3.18508657468411
0,7.84773648768961
0,-5.76780741776208
1,0.939446894412988
0,-0.467049153604458
1,10.9263807152168
0,-0.0386045752735441
1,1.73232832609216
1,1.20784495463454
0,-5.76334417710129
0,-5.68006065701077
0,-3.95068555411851
0,-4.99215515109654
0,7.74800486498507
1,7.03907278497646
0,-3.08229971407071
0,3.75207932211554
0,-4.3537213435813
0,-1.24532129723449
1,-1.49719421091103
1,7.44035097278397
1,0.323321792319755
1,2.14649299855011
0,-6.53245021300119
0,4.67370379651792
1,10.8129707869596
1,1.44564827021536
0,6.7439122905309
1,10.6157633993435
1,2.17872555473694
1,-0.820621514750447
1,10.3366013937573
0,5.56135190496115
0,-6.10164875425854
0,-6.64977240765711
1,-0.268001553107104
1,10.4034944057471
1,6.5312528234177
1,3.48214594996218
0,8.88922987080322
0,0.410894812232957
1,-3.00592152130488
1,1.93813458396547
1,3.07067134404684
0,5.8542819139269
1,-0.781632027398722
0,6.60358735884251
0,1.32492991015645
1,-0.562235691601773
0,3.50558449713826
0,2.28826022291629
0,8.49616606282315
0,8.46266354941627
1,5.8217317471167
0,3.28198210833017
1,-2.26575508714189
1,-1.03229250634728
1,3.48409278638281
1,2.27677113558954
1,-3.69285465507558
1,2.21237455138804
0,0.164909924514965
0,-2.42754890799681
1,5.11279702616027
1,0.85798930987787
1,6.72732049395748
0,1.29463153732969
1,-2.77988771525828
0,7.3745962620234
1,2.45087155245435
0,-8.44637702152271
0,7.02883721873988
0,1.43759507752875
0,-1.34310485779333
1,6.91416302718242
1,12.1763651710319
0,9.42527426219287
1,1.52830158165911
1,-0.558887492255727
1,12.3200164642024
0,0.474613140632436
1,6.75751287767901
1,-0.237781402877858
0,-4.07302842115614
1,10.7178584174949
1,10.3286218711965
1,11.7886841157795
1,1.86353239938222
0,3.18999847674858
1,3.34747145921424
0,1.1337795085883
0,8.82750875038184
0,0.728308093792245
1,1.63579933680393
0,7.53796679479176
1,7.50601322137855
1,1.08707336268427
1,5.55362425449618
1,9.54295427125712
0,9.88783048494327
0,-6.49604461980104
0,-2.64081552570736
0,-8.30311752806528
0,-0.940758088500582
0,-1.29299998418229
0,-0.376860327778228
1,4.58387891602372
1,1.06635285725468
0,4.504242988504
1,14.8074202629973
1,1.72033388939361
1,14.0712311313869
1,5.11680049578471
1,11.4121354144055
1,9.09061815039772
1,1.81003468246923
0,8.05918334496548
1,5.17653989625918
1,7.83842316056183
1,2.06246455429679
1,-2.93695218999461
0,11.1112146842827
0,-4.81238624190875
0,2.18500426179945
1,4.27438720845309
1,12.9819419699496
1,-1.01980127794123
1,7.44646469041887
1,13.4648684806971
1,5.27901820449957
0,-7.72766666451355
1,4.44969537437436
1,-1.8124618740256
0,-4.1145133679868
0,8.81628821573313
1,8.74993457575864
0,8.53731787103802
0,7.30157678393025
0,-2.12933081928652
1,-3.14096815822474
0,2.42148503499067
0,7.94976557927336
1,2.52528382305297
0,-2.68430565910255
0,-1.19521428829116
1,1.34319076378131
1,0.0174456771354186
0,1.71861790874956
0,-0.425215530381074
1,4.31906262055585
0,-5.10507053928743
1,2.84511482840644
1,16.4642928930279
1,8.42589773178524
1,3.63491842205983
1,10.1464736274059
1,12.7842424553569
0,-1.57374563579336
1,-1.02281749936657
1,1.60000639900508
1,3.04682499270277
1,-0.915042152235873
0,1.40358728207968
1,5.28274447306043
1,5.09721207322057
1,3.02504969090579
1,-2.37946278043855
1,-2.83705512160682
1,-1.11157289265808
0,2.6034815527248
1,2.62793824372627
1,10.9029660377602
0,0.43142911581493
0,3.17979122315768
1,-2.53825147478521
1,15.4734318117368
0,8.56299251445372
0,-0.681967401182737
1,-0.0206364871313481
0,4.6209325684539
0,-0.857349451504853
0,1.2978802823245
1,1.2932005228875
0,3.3805973294654
0,-0.578149453964864
0,-6.58893718200534
1,10.0495606392082
0,3.60271745513943
0,1.4561757835653
0,1.92094338740869
0,1.84443819749516
1,1.94808015052633
1,2.82674502691788
0,3.67533622184933
1,-0.190248520176946
1,5.0330292657264
1,-2.12068496111752
1,9.05867145849624
0,-6.28825909336005
1,11.7693377130754
1,-2.16860709321534
1,12.1629019436138
1,9.55871605092025
0,-6.11776349136191
0,-5.47548315781115
1,-0.512141862678275
1,8.29916462282177
1,-1.95810679545774
1,5.83386867585424
1,12.2684422489446
1,-2.75729410977615
1,9.95453460986484
0,4.01840957964099
0,-5.70435876986617
0,-7.18762406166573
1,12.3843395504126
0,-5.19894513381272
0,-5.29301680982987
1,14.5630900787666
1,4.71113981951881
1,-1.23823252057476
0,-9.11808148670178
1,2.60792109017358
0,-1.1049825113311
0,0.141243333101807
0,-7.872829246905
0,2.89823904878435
1,7.75076217207204
1,-0.418787564356611
0,7.79788051713424
0,-7.03943722117453
0,-8.01117733676004
1,1.27201176296745
1,16.6025464675121
1,1.13276508307468
1,2.63480996565512
1,1.00216433095052
1,0.571688974618164
0,1.07123554124227
1,-1.55436860922609
1,7.14419788990561
1,14.2556143598424
1,-4.49707020127195
0,2.09962679830496
1,3.9440599275319
1,3.83933116918735
1,4.14586032450721
1,4.55566259295333
1,1.87484881022569
0,6.14048751317419
1,-0.192669208267323
1,5.36431573871079
0,1.51805780838582
1,-3.19924855090441
1,-1.28130684916481
0,-6.49712964857334
1,9.13104178680227
1,6.93675049254815
0,5.13876642766938
0,3.45753039712611
1,1.20388444790521
1,1.79327091234362
1,13.1462299932087
1,5.15026588431493
0,-7.87989544741591
1,-0.517859527492562
1,-2.43897852876811
1,9.82697148298023
0,-9.02401458518951
1,9.04310727471062
1,3.44980570368382
1,-1.77437889759283
0,3.74538586038922
0,8.44320725571659
0,-5.00305601028351
0,-3.05528366597323
0,-5.9471003109804
0,4.43364867881348
1,-1.34686351777459
1,-3.26836603343013
0,-4.0243368510392
1,-0.771007919551995
0,-4.64370308077977
1,0.650348445829676
1,-0.309550221942203
1,-0.247595381327736
0,-2.35371340674644
0,-0.27391049576791
1,5.30730960175923
1,1.86005230134721
0,-5.4902741379045
1,7.81120035778848
0,-7.23228600743064
1,1.98945780234537
0,-3.6373676803654
0,3.70759582694521
0,8.39101383802204
0,-7.53226458006613
1,5.15612178593172
1,8.72158472107524
0,6.49743648245251
1,0.783508853574994
1,-1.3139804908337
1,-4.65072346906375
1,3.53310639514976
0,-0.783299952812633
1,0.744054376145976
1,5.45016665739985
1,4.69508711499892
0,-5.46374233442665
1,2.26387273001177
1,14.2088476623007
1,-2.75917519728364
1,0.953837259203987
1,-0.250364626765194
0,-7.47750029237477
1,11.1490457009071
1,15.4603502928192
1,3.91458632163409
1,15.3128693655485
1,1.71602853098583
0,-7.66970800132114
1,3.02503506578983
1,-2.8621977989022
0,2.97853354852793
0,-3.35816556306119
1,5.23248409294037
0,-6.79287254721502
1,-0.791949225912076
0,-0.645123317225017
0,-0.461446009289747
0,2.98098947116226
0,-6.56866143586712
1,11.5921843426581
0,3.82051832723712
0,-5.06205367592656
1,-4.58308527869341
0,1.49115737534482
1,2.70989164302271
0,10.9207995027066
1,2.80980276976247
1,13.7624974783502
1,-0.0750568902106367
1,12.8702898392304
0,-7.0065637818393
1,14.133087603184
1,-3.19430861050669
1,-0.312853617281506
1,11.5522233941791
1,-3.1214695215488
1,-1.91850915357592
0,-0.442623217440343
0,-6.29466246165123
1,-2.34404550614356
0,-0.0270976853081981
1,-0.620687788643605
1,-2.71688007062142
0,-5.7694685424234
1,4.69007709432009
0,-3.54470795825297
0,-7.35612613363118
0,9.14830603651473
1,7.84901817416079
1,-0.33598611586926
1,1.22589191789835
1,9.39575132702471
1,-0.0593373964424131
1,9.15238941655718
1,-3.09853841829192
0,-5.94837952821962
1,0.656678321008528
0,-1.29377805400041
1,2.27034474510013
1,1.60582626741699
1,7.81555816509084
0,-6.86221359587888
1,7.95780449428539
1,-0.840252996823491
1,4.26001482964596
1,-6.1926263585536
0,-4.85570146524762
1,7.20635576533006
1,-1.99452553113606
0,0.806566845718681
1,-0.830026783272392
1,3.59013829345914
1,1.42218261041244
1,13.3114901626335
0,6.81721025930406
0,-6.23598648344739
1,1.78703883487109
1,8.08957661345774
1,0.775109951091445
0,-4.01256958291812
1,6.46692252070992
0,3.01038500341222
1,5.35141649667601
0,-1.01583153122421
1,-0.560491162902365
1,-0.257436102780524
0,4.78262498010988
1,-1.57332539223714
1,3.07794088342945
0,3.07784691407392
1,-2.82885123325608
0,2.19286174904308
0,0.672204540644733
0,-5.88138264991082
1,-5.14838011609762
1,3.62227745211026
1,-0.328842577539067
0,-0.329322005477687
0,1.90079820064738
1,7.55847652999187
0,-0.239388845138738
0,4.19925130424376
1,4.84513431690346
0,-4.26188810697515
1,-1.21667367605125
1,12.7525506638748
0,-7.10376859747857
0,2.12478368319878
0,-3.16966656880645
1,2.28985352336086
1,0.397828519715017
1,1.59801966477309
1,-4.13855386234686
1,0.737617636124235
0,0.193499963962295
1,0.129548025197539
0,3.13557799816393
0,1.74568869681587
0,-6.8335360097082
0,1.99153720240219
0,1.80165319562769
1,-2.29171832762966
1,-2.39532837401055
1,-4.77464781416472
0,7.67402826211943
0,1.45298481242808
1,1.31817715148769
0,-3.95892235861379
1,8.8344837668754
0,1.54672194416461
1,8.57655635066805
1,-4.73712062284661
1,-0.533288712619227
0,10.0115607262296
0,5.90276959703868
0,8.49068663672889
1,0.0205562886191791
1,-2.01008441096882
0,-6.48054536424703
1,14.3315508106427
1,1.19535025189894
1,2.31065491989462
1,-0.349555075683809
1,-0.840794234805854
0,2.78919020359226
1,10.7319962409355
0,2.95032093724286
1,3.44686366165663
1,2.55248569804116
1,9.11624196201834
0,1.37635824590653
1,12.6632051266252
1,-3.55187581037594
0,-5.44354791176485
1,-5.80830240304386
0,-6.03459855504567
0,-4.66865177597722
0,-5.93318734557144
1,-0.224173807210843
0,3.58110642892783
1,-0.0809449789620532
0,-0.787423733804209
1,-4.55657998168282
1,11.8104254421527
0,-2.53302219818466
1,2.1691210270126
1,1.66229634992618
0,-4.39515419399835
0,-7.79519508508191
1,3.82186051169803
0,-0.814550292751534
0,-3.0928761983971
1,16.7555078442374
1,-2.28965558705467
0,2.4869508340818
1,-1.53702213740221
0,-6.79358415973172
0,3.74281448148309
1,0.851403239122726
1,1.28137716893537
0,1.15022622095572
1,2.66081854243144
0,4.66720701622467
1,4.4569363574947
0,-4.19012405938584
0,-7.14236811344209
0,1.67661411606832
0,-7.14483622044795
0,3.6754214192343
0,-0.434058361461883
0,-1.50926870910227
0,-5.22802640022833
0,-3.14413559186647
0,6.82062585887137
1,2.21749525572248
0,-5.61992407281213
0,-7.2762003754819
0,0.335508492155913
1,7.85874234604414
0,-6.54950453793309
1,3.79951452370332
1,0.661141085219437
1,-3.36475528255635
1,-1.14051556072355
0,-5.08454135288441
0,1.75681845917571
0,1.90881384859595
1,-0.356807277977622
0,8.86873622941133
1,5.56348473269011
1,2.40581561500788
1,4.34885363902528
0,8.5354455278319
1,5.05141295033634
1,-2.0000794708354
1,-2.38710247567366
0,5.42580780079966
1,-1.34961652212716
0,4.09228244528848
1,0.554139492044036
0,4.28607157646766
0,-0.179476628337066
1,-4.87894454293709
0,-6.22881856103556
0,-8.34425111568602
1,-0.480071735634823
1,-0.489023871532406
0,0.987635470499713
0,3.41579432879428
1,1.18343622868228
0,-4.68825614272779
0,0.240352333351584
1,-2.18549164129539
0,-0.678354198532914
1,5.627076897218
0,-5.23089003533181
1,-3.19326558253526
0,-6.42426317693172
1,11.3643979496016
1,2.77034065698442
0,2.47060744483567
1,4.84349744237119
0,0.650671863064047
1,-0.242665887230534
1,2.84775577755039
1,0.599353286579823
1,2.82690633214499
0,-6.91699151226887
0,-0.598612295450842
1,7.49091092057252
1,-1.07300056149465
1,9.66767780135957
0,-0.877771252821425
1,0.468176304829341
0,3.42144891563582
1,9.23370678480108
1,7.6084504711938
0,8.93132368790703
0,2.46703224625761
1,6.77637688522559
0,1.907394599176
0,-1.64004576299331
1,3.75378283212422
1,4.11009294980209
1,8.58183465491078
1,9.44289929069746
0,1.51902204564318
0,0.285916751608905
0,4.23906315240918
1,-1.50864826938272
0,-0.788492788716
1,11.8514068518565
0,0.810608072338318
0,-1.92367488127649
0,-5.91508186755956
1,13.6594619797105
1,11.8393662001295
0,2.55328748593267
1,8.68836180796934
0,-2.88388955189361
1,8.25934224058709
1,11.2730272084404
0,-4.00599530082472
0,3.78228761008057
1,-0.673835514297461
0,-0.101022699947434
0,-6.1719879253528
1,6.75290773219385
1,3.44481078524978
1,7.81540031489057
1,0.639923826386728
1,0.81675587281292
1,17.1952721692109
1,0.449908059295626
0,1.40218395449972
0,-5.85015751752321
0,-6.64476984944076
1,10.3051655211239
0,6.1721411131325
1,-4.42552024049068
1,2.57088458220452
0,8.28602933656752
1,8.26856847945011
1,3.41550322132774
1,7.41720495637001
1,5.96438583728286
0,-0.522270404339522
0,-5.06780351533992
0,0.30302580906902
1,2.19712358403804
0,-2.78720675130988
0,-8.03821942224856
1,3.81853753095781
1,-2.41860603839933
1,15.4854388576163
0,5.89366227048288
0,2.56956492688177
1,-2.73622771577946
0,11.4588741149003
0,-3.54342026226185
1,2.66515769757138
1,-6.39968922163026
1,-3.75708599604085
0,-4.80743109842412
0,1.88630552291521
1,9.92971409599618
1,7.06093342151242
0,4.64142684399073
0,4.18917919078959
0,-1.24991701266369
0,4.43617331281817
1,7.31228230202063
1,-2.32196051385848
1,11.0780827383125
1,-1.09543932967715
0,3.99232507806031
1,-2.22597859702888
1,-4.30591651713752
1,1.79425037524463
1,8.13744950128368
1,9.01240304160124
1,-5.38489290437981
1,-1.72324181421747
1,0.152416239564599
0,-3.24619814437009
1,2.09931924592853
1,6.44247280487018
1,8.57531191094441
0,4.75305338723929
0,-9.26837034758606
1,10.1330187388859
1,2.4630711161185
1,1.42966785028772
0,-6.58914003424452
0,3.45808811635742
1,7.718290499879
0,4.83421087296881
0,-3.67442161454369
1,13.2007385054409
0,3.85193316401827
1,13.7672894815283
1,-1.17759297453199
1,5.9901745007985
1,12.3685142732975
0,-2.46972649201926
1,2.96458693798529
1,13.5398746354003
1,0.0501256982533328
0,-6.62755111817993
0,7.33385882737965
1,5.95109844662562
1,4.62987950278457
1,-2.8810939638374
1,14.3274105201381
1,2.45490575518816
1,2.00972541102583
1,7.49837532904287
0,3.14558114104698
1,4.30167172982666
1,1.1645256422689
1,-2.10371058349609
0,0.408794434972504
0,-5.76614266047831
1,2.1333837348834
0,7.92450191216534
1,-3.39326645216465
1,5.86340931337068
1,-0.0722927419855635
1,7.53806524593986
0,-2.80237994684235
1,2.42968124976349
1,12.3746681087778
1,12.274770660932
1,0.775386714565663
1,3.64959798818626
0,3.5723024428125
1,2.85317910319895
1,12.2001668325474
1,13.5001326804263
1,9.6698298312588
1,-3.69362115154257
0,5.04539732029209
1,14.2342324357997
1,9.14232397198482
0,-6.51134553319146
1,-1.68798655334537
0,1.14412599539279
1,6.82932339166952
0,-7.372582339437
0,5.07097166623553
1,5.41005670906929
1,4.36266824073823
0,1.43335351628707
0,4.69661923272144
1,0.3469274895839
1,7.29907322647637
0,-0.828566185654624
0,1.11982628542728
1,14.5948107899788
1,1.40818476758072
1,2.45815697674187
1,1.5802258670432
1,-0.856741836685468
1,7.22288098222367
1,8.2316981567047
1,0.245381857656355
1,14.077109464118
0,-6.22500151394037
1,2.83011120631582
1,8.67733667016043
0,3.6060846285544
1,-0.91184796952602
0,5.28641767897441
1,0.212843924834131
0,1.47245613362521
1,-1.09463342188363
1,2.8591756035507
1,1.52647893287518
1,-0.14795498873932
0,3.38511431237334
0,-2.84710451854601
1,7.3885808046218
1,11.0489951732478
1,7.30548656509634
0,8.00410611077541
0,8.75110253606902
1,2.82108702925877
0,0.428223448544177
0,3.42971154479845
0,0.8551612796057
1,12.2576358853593
1,15.4892659729073
0,-5.53967996671577
1,5.95261004556566
1,13.989620244416
0,3.36200582664699
0,2.08705011717878
1,4.16146698768795
1,10.3192277435809
0,2.41932471883042
1,-4.37110343728958
1,1.01769653951791
1,6.29837399199748
1,12.6867745716877
1,10.3229261192287
1,0.515724216220124
0,10.0883209133508
1,7.24042427538719
0,-3.20024718743278
1,1.37994603357048
1,-1.08635341009895
1,4.78534167323314
1,7.46264273248474
1,2.01586091922419
1,-0.111072425379713
1,3.22424055169529
1,8.09462474466161
0,-4.54898067941637
1,10.9916551660113
1,14.8901733390389
1,1.85374404901683
0,7.31954645512395
1,7.8298009504335
0,-0.215070655832782
0,-2.14831884078871
1,4.87153178429035
0,10.3025139705926
0,6.23425369356197
0,-2.20982141875751
0,5.41948337614969
0,-6.54074103519488
1,7.75091101457134
0,-8.59387332909835
0,5.67645574151058
1,0.250895416390781
0,-0.207890553146032
1,-1.61039829637645
1,-0.438982851314014
0,-4.37684868629564
1,1.15399460169297
1,5.48446542082374
0,-2.60602925634501
1,3.06735390730624
0,4.18822844670512
0,5.13576534449702
0,0.922524498332235
0,3.98219731377512
1,-4.15432406793014
0,7.29522592543887
0,-7.94922973853348
1,12.9892895332259
1,1.4232418227592
0,4.39169575591772
0,-7.96688516085472
1,1.10132373379251
1,11.7905493614941
1,-3.27728757363896
1,12.283752396567
1,1.74302615892213
0,-1.83589533398971
0,7.78699363010182
0,7.57335164340424
0,1.69522639208814
1,10.1090595516931
0,-2.36928904297953
1,9.69673373388142
1,0.817777883885148
0,-1.41073103177138
0,-6.58899434475807
0,4.68720186110572
1,6.79211042438852
1,11.1117063745153
0,-5.54375199231233
0,-1.75998235923861
1,13.9642215310798
0,-7.27618898739295
1,3.03332377134066
0,-6.4048563868008
1,-4.68228865160955
0,-6.5515160902685
0,-1.10371242035171
1,13.6600054722336
0,6.17421683820265
1,3.4632983430021
1,-0.874356486217151
0,4.28207952134526
1,5.57051629636886
1,-4.9273268709128
0,-1.48610032844718
1,2.00011075026157
0,-3.1018385470516
0,4.17881608752042
0,3.68249565034492
1,-3.34852764962821
0,0.619102085552098
1,12.3120253330749
0,2.93057226853319
0,5.15787816566145
1,2.91515502560612
1,2.59892882768459
1,8.61473161130598
0,-6.41877051026719
1,8.95808985794946
0,-6.96874642122157
0,-6.63532414477953
1,1.06604609489935
0,-1.12480239129122
0,-3.97699970631851
1,11.8231019103976
0,-1.64287347520079
0,7.97559101267881
0,3.9082180597113
1,11.1629715513146
1,9.65769875239877
0,2.14467071842815
1,3.19646695734436
0,-6.91289891337233
0,1.2023509031358
1,2.51955775638458
1,-0.155071529733361
0,-2.3216157915632
1,0.776997942959338
1,13.5873579602035
1,-0.182656264005847
1,3.96476593333769
1,14.639618995765
1,8.0048656403323
0,3.17121925079534
0,9.47332071713643
0,6.67255150002527
1,-3.13057176294349
1,-1.80507780712907
1,-2.19736519177515
0,-0.0271807857941249
1,1.43046389481032
1,3.94268788737598
1,3.71436494469151
0,1.53559746503276
0,-0.445561009577816
1,6.60570512560388
1,-0.500108537022502
1,10.667434998717
1,1.36435329867393
1,1.67899952705669
1,5.20626524885273
0,3.80275841489141
1,5.54094018799126
0,-1.57387268199791
0,-8.03346774109313
1,3.78640333077471
0,8.10614579258362
0,0.602064856344271
0,-0.848107667924736
1,-5.69103646540547
1,1.08590937789793
1,10.8110125023439
1,0.794125784810867
0,0.533904669108461
1,2.35459139000161
1,2.43554700674065
0,1.75733452939407
1,-1.67642824632719
1,-0.328282181150354
0,-6.62143039841001
1,4.14323845647626
1,7.78869608986364
1,6.87129657533153
1,-2.41347829848709
0,4.95740535688211
0,-2.49067768004375
0,-1.43286049129236
1,-0.655982861410724
0,3.19163691706217
0,2.34542745284726
0,-4.08313704719064
1,-1.16027362589875
0,-5.49620301185823
1,0.426432408146886
1,4.97621684183931
0,1.11840987476805
1,4.09641226640738
0,11.2121612198917
0,-6.9931891363462
1,10.7608026287387
0,-1.34399007173643
1,14.7686858648149
1,11.6731603182832
1,-0.815086673822171
0,3.38132689966123
0,0.583408710223303
0,6.52674863517666
1,0.65604802834877
1,7.69834552538478
0,2.8577455025819
1,11.1578975256932
0,-0.632723671258219
0,-0.765192569076043
0,2.16336892053606
1,9.93200561981809
1,3.23793135439402
0,-2.26244459055787
1,9.21647011274372
0,2.987838146168
0,8.91618185820634
1,12.5045196962979
1,3.29533166632053
0,2.94561392568348
1,6.73104509016741
1,9.63427399957179
1,0.845246554864714
1,-0.596298243462969
1,4.53899186321932
0,5.87994987523689
0,11.0052932892739
0,8.2102256191254
1,-5.49453054827033
1,-4.25746400983385
0,7.98620350008623
0,0.138837582104243
0,6.23746028294858
0,-5.62487922165759
1,0.97067404264283
1,10.4672053912287
0,-3.01884246460714
1,10.656670947851
0,2.59439720870879
0,-8.05540740322296
1,11.4309821191498
0,-2.95846481592385
0,-5.040980236362
1,-0.0580876005299671
1,4.16829936251714
1,13.4481634275185
1,8.56186714895668
0,0.618741108597984
1,1.7599267063405
0,1.24491465041649
1,9.48009127644966
0,6.27349848167117
1,13.9924490940704
1,-5.16401068546172
1,-0.745492152820787
1,1.73608284084247
1,3.55890788325781
1,0.286684046746977
1,10.4184612884072
1,-2.80549081680209
0,-5.06004566343898
1,4.73684586785084
1,8.16489904475716
0,-6.58742255146714
1,2.85170890604286
0,-2.28415036777104
0,6.24088537198018
0,3.36912373032267
0,3.82159071801051
0,-5.31445259427901
1,7.99798653439067
0,-4.632048637027
0,-6.3554959337547
1,3.94972903099637
1,-0.468072927314059
1,-4.03979331033061
0,8.79187151089093
1,6.71331592365415
1,-2.73490737835967
1,-1.88860123909475
1,14.0576642683317
1,7.34100255603803
1,9.53294976388664
1,-5.37513463375353
0,2.22773601944817
0,-2.46974203423876
0,1.70527676222207
0,-5.94993247456403
0,-1.46104523435465
0,-2.2869174555095
1,-2.10434839240124
0,-5.32415715355118
0,-6.65179838385236
1,1.57982623258318
1,9.61679213661994
0,2.85597776809847
0,4.72447464619659
1,11.2580009818672
1,3.88358074220717
0,-5.99117711271502
1,1.45915373418941
1,11.4788944594658
1,2.33629531152066
1,2.09124697518792
0,2.6368605959852
0,3.80615076481898
0,3.05051605360147
0,-7.98436799575784
1,8.38034032274364
0,-5.93571398708162
0,-0.914466380234021
1,4.83437172947236
1,-4.58341212843986
0,5.42644690621063
1,2.93840435871569
1,14.5559009485459
1,12.3089817798661
1,9.55301466769401
0,3.70235071470016
0,7.21139914146544
1,-3.16148000691906
1,11.5225220612396
0,7.5305428688338
0,-1.92660487421155
1,-4.40362767655181
1,1.37880003930679
0,-1.55703822319963
0,10.0100028698732
0,-1.80218225570731
1,4.22869848964137
1,4.31852963438918
1,7.74690285184681
1,3.0225885011053
0,0.162998907427879
0,7.37189783840939
1,-2.50995305109693
1,0.0205073122164248
0,4.24181717519343
1,11.286425868998
0,-1.28399971764994
0,-1.42591464627797
0,-0.120066582898432
0,10.1131058079525
1,10.5940997661258
1,-2.54871762291675
0,1.01912052005754
0,1.14273992888952
1,-0.577581851078377
1,11.0300449212432
1,12.3248085441381
1,-3.68559802721956
0,-7.55290900384567
1,2.1427365648002
0,-0.00553648215672611
1,9.53582177154724
0,3.09896671880153
1,-3.02982700551893
0,3.40950342080323
0,2.90411841968036
0,9.41828228480868
1,1.90497623798941
1,-1.30295446259599
0,7.83123022489632
1,7.90533300474558
0,6.10544990323354
1,6.90236615328763
1,1.93021890672212
0,-5.09603285193645
1,10.3841322032816
0,10.0771951152046
1,-3.54744732862046
1,-0.570965055817376
0,8.21429870802264
0,-9.29644085957834
1,10.6629671729946
0,-4.631386507923
1,8.38321143654056
1,10.9285477944581
0,-1.73758522182737
0,-0.0498174150256565
1,-3.13505646273167
1,0.90458784612415
1,-4.86993432374725
0,-3.25465339394726
1,-3.26935297474373
1,6.65315173710243
0,-7.31590244393295
1,-0.107535612660193
1,-0.516637485822767
1,12.8206609162393
1,13.8009362088152
0,3.2588385272811
1,0.018468071676803
1,3.59480286729336
0,2.52404174372844
0,-5.51134523790499
1,10.9446354037855
0,-1.2673969497443
1,0.142752967969349
1,1.12249168404432
0,0.949208836801321
0,2.51468462191748
0,-0.106862388175532
1,-5.06930424729369
0,-0.884612505786984
1,-2.30142270135198
0,0.646870439430364
0,-6.30645857601638
1,-6.12081317127135
0,0.977087335134045
0,-3.51506054632792
0,-1.02390795209675
0,-2.02884361598386
1,0.65494673469907
0,-5.41863336291083
1,9.8516177271265
1,9.09055259307401
1,6.1829088087372
1,5.85432603493884
1,-3.75515636536926
0,0.824928782503183
0,-0.0404888636541525
0,4.42706175875118
0,2.31186310398395
0,-5.07599401100101
0,-7.45685026951796
0,0.0706204138025986
0,-5.55797958686593
1,1.0429346431109
1,12.4764459328236
0,-10.1671248128675
0,-7.46180253802707
1,13.2234326165621
0,-0.473256945074655
1,10.2616256782889
0,2.10428251043671
0,1.21805750135575
1,15.7885265067225
1,12.9864608404411
1,-3.70540606926037
1,13.5641730717831
0,3.13688605589506
0,-1.59212515749611
1,-3.52087925687345
0,-2.09451527703042
1,0.810691704281122
0,0.595974968475867
0,-2.54115897959003
1,2.22638828006254
1,4.85348704892827
0,-3.09599982857615
1,2.58991567024219
0,8.16038890280042
1,9.12127272424188
1,2.80405684293957
1,11.9714755612729
0,10.1763559937544
1,-0.0407434326651013
0,-5.74719775221616
1,-0.869291747448493
1,13.5543099700203
1,2.64339455835346
0,1.51642657607997
1,5.60197174463351
0,-6.90638813729834
0,-8.49577396752885
1,9.16479156542089
1,9.50088748192754
1,12.0668583123474
0,0.576928900118152
1,9.95634402267781
1,3.36128198089815
0,-7.09819499606865
1,0.435017967050106
1,8.90875280988342
1,11.6314749526279
0,-2.33625123237399
1,5.21133205942558
0,-0.339851710290393
1,-1.20470263478466
1,4.16344210305555
1,3.973086564821
0,-2.54466400933168
0,-3.77747420510974
1,-0.34321062429349
1,9.20670007832836
0,1.09978130303691
0,1.41909508843491
0,3.42373157368157
1,0.601339767618131
0,2.767577390847
1,0.299129536433197
1,-1.12960016062598
0,5.08058980539295
0,-7.24283303965133
1,5.24344350712122
1,6.47531625158711
1,0.416629398953791
0,-6.79271531044211
0,1.31090339193556
1,-0.540310252733654
1,5.71207411057558
0,-6.77864071159732
1,8.68228774637919
1,-0.0555398500418452
0,-0.128631513422249
0,0.426293241656499
0,4.53847059119096
1,11.4766945545266
1,3.85442552297107
1,-1.05674828630549
1,10.3321319638388
1,7.95091884536999
0,3.46027832312597
1,4.38978231998084
1,9.89837900492375
1,0.830601247534701
0,-7.15336771468144
1,4.4629929850463
1,14.7231917849432
0,-3.00448631978025
0,-0.557833309094375
1,11.6828736051901
1,9.32161032978846
1,13.6869310635743
1,11.2755457146423
1,8.44505062682479
0,3.78804870040137
1,3.29743031559215
0,7.66899523773258
1,6.18910373736588
1,7.70471280297368
1,11.5926186382095
0,3.68950276834147
0,0.400956572337825
1,-2.84412229865393
0,10.6438020070293
0,-5.42681173118268
0,3.18349906223951
1,12.796289671639
1,13.409464702106
0,8.92576346425619
0,2.14602821524621
1,6.73046999607725
1,-1.90793667705934
1,7.15640505247909
1,11.7527808404153
0,7.28908599895906
1,3.45443047608976
0,8.44111684122624
0,-0.0496446702505322
0,7.10904747763454
1,5.59686023110432
1,-1.32314675360936
0,-2.27434955384148
1,7.5269039217814
0,2.47138572368316
0,2.85144790523186
1,11.2690328523328
1,9.36790664199257
0,3.50382399137967
1,7.28251419457989
0,6.6926698845206
1,2.26634988652641
0,-6.45866879601959
1,6.82012533710786
0,1.87459586393948
1,8.74834098301517
1,9.62948455694393
1,14.4083543061292
0,-5.30163504501437
1,3.1684550887496
1,3.48884009076644
1,2.01335109170161
1,1.00746515049648
0,-6.88721908013757
0,-0.30058675104083
0,3.45366099901545
0,-3.93096582898171
1,3.60927409927927
0,7.80617732306639
0,-8.50049201246253
1,6.48420903489795
1,-3.37820550489062
1,4.27765976012574
0,9.04329390594643
0,2.6916066118329
0,0.288987307333369
0,-5.43983338120505
1,2.01460391935927
0,0.744535872128028
0,-3.54978216139603
0,2.44986581117199
1,-4.13061135751013
0,4.53874071567918
1,-1.54791922117324
1,9.05412362486939
0,-3.09142673189782
1,15.8076646527684
0,-0.239159526264423
0,-1.47327154064243
1,10.4297311261908
1,13.1773193806952
1,12.5820505489512
1,4.49864241653898
1,-2.05806646135164
1,-1.62439536404499
1,9.14718059497953
0,0.599929172354288
1,-1.03670021621569
0,-0.29532747116274
1,3.22896316635722
1,6.62139951744961
0,2.45103019810169
1,-1.13360613871419
1,4.70858079038914
1,1.77148367100932
1,3.95256216575215
0,-6.68051586148155
0,1.81439757492969
0,-7.16718696525453
0,0.55987667618766
1,-3.58912392145749
0,3.45613036358707
0,0.0575248675586961
0,5.92415583307604
1,5.60675822135585
1,3.65315818249456
1,5.22484977143919
0,-6.3467934938037
1,13.5692543773504
1,12.729872127793
0,7.77524816560528
0,-0.625231582621274
0,4.8294236112267
0,7.16805657885417
0,-5.20361147732673
0,-1.89383750269846
0,9.10029184192292
1,1.82174530890135
0,-2.91687516588045
1,14.0152711562485
0,3.04163561847187
1,2.22157272238291
0,4.51921418775962
1,2.07345810328454
1,8.0665197925903
1,5.8302391872513
0,-2.10204185142559
1,11.0846671464422
0,0.511989949046589
1,14.9700289028432
0,9.5114710920657
1,9.26197630870913
1,9.39340102318514
1,10.3140295783247
0,10.0561513139959
1,8.60821453249703
1,15.0784575319173
1,10.5806783645163
1,3.06695327300821
1,-1.34203608253936
1,-0.0659869651538071
0,0.622375432701709
1,11.5755196274021
1,5.76240843966059
0,-2.12401878703533
1,13.7952525052859
0,-2.03329259538177
0,-5.20018411286158
0,-2.38639156493039
1,-3.64121158083261
1,14.7684959334096
0,2.95979955911252
1,13.7188119435559
1,-1.29757787953409
1,2.01476236706036
1,6.55315046851525
0,2.64684559279431
0,-3.48405906430564
1,12.8083358862534
1,-0.0669764825850243
1,10.9354692259707
1,10.2755048109243
0,3.14053503076376
0,-4.03473703071809
0,-5.24360115163082
0,-2.76790521911125
0,2.82253269551166
1,0.9806310130898
0,8.89344531112793
0,-0.867790879372802
1,9.48499865170172
1,2.50878866266298
1,6.54749283809724
0,-7.4603733459671
1,5.35367883682228
0,-6.65291334088079
1,15.734571828461
0,-4.47282449801829
0,8.63386130193181
0,5.50359470015622
1,-2.35287218186531
1,9.78902596582403
1,14.5007705508739
1,15.4822474307688
0,4.64081560641268
1,-0.321831748448346
1,4.82786934076981
0,-2.41310541737095
0,3.81287671663721
1,1.8838034250938
0,-3.77585631608742
0,-6.72341604079599
1,6.45583253209863
1,3.87821975659348
0,4.50751376232734
1,-2.7942170039854
1,3.26042636397505
1,-0.466718117945798
1,-2.624466610948
0,4.90211803987442
1,-3.92920143730416
1,3.84592065934011
1,9.69409961220795
1,10.2238178527533
1,2.83668647595179
0,-2.00501639999572
0,0.17529913026656
1,-1.13618048224723
0,-8.00775341050247
0,3.20764033708548
1,-3.2932883737765
0,2.44323347787489
0,-5.21871767774669
0,6.83023565758545
1,0.918022024749781
1,10.1866148496877
0,-0.337658540750776
1,10.1699471391233
1,-3.0808445463905
1,3.42604967505248
1,1.99243321664849
0,0.334349863786316
1,-5.27702170926116
0,9.03088590733704
1,6.24340112687847
1,12.68451795729
1,-4.9636264021215
1,7.5684503959268
1,5.08031576813934
1,-0.489813437785744
0,1.08673419574485
1,4.43644671600562
0,-0.685423396467426
1,6.54603039644208
0,-7.08734727317219
1,11.7125758449022
0,0.968490993104489
1,-4.33329926224342
1,10.3802813701023
0,7.63991681029649
1,10.1323665789593
0,6.97391240838197
0,-7.45257755710577
1,5.81107121701707
1,9.23098926350306
0,-5.87657524545794
0,-4.28540700633114
1,-3.10755836561047
0,-6.40048615171718
0,7.13505192548428
1,-0.965738971173644
1,-1.93708086676669
1,5.33516923721796
1,1.72199532540141
0,-5.33675126275562
1,4.03628276547323
1,4.5411312168542
1,13.5722488057269
0,0.548804848019639
1,-0.913349069557423
1,-0.1688560572297
0,2.00048035595127
1,-0.66700167296471
0,8.43232160149508
1,3.09517418674426
0,-3.92619079831633
0,0.687129807045313
1,7.94414250426291
1,-2.80092147395756
1,9.29081231336434
1,13.0237457584846
1,6.60582196113304
0,7.93627519980881
1,5.26648142919406
1,2.47646221590634
1,-1.45106125626665
0,0.399690437152475
1,-0.492369968922889
0,-4.44330928660814
1,-3.11184462369292
0,-3.16461618573325
1,0.631515283188681
0,-6.10077512907275
0,-4.99053574329079
0,4.46903110282311
0,-4.00542622516176
1,3.71283376086219
0,-6.64851267311297
0,3.58221826698204
0,1.3826425714884
1,1.07373989677977
1,8.67173236694386
1,4.70792881496795
0,9.58391647450744
1,6.72587163976443
1,15.1694113998319
0,7.18679790138283
1,11.322820900251
1,10.2544260944357
0,-0.118900601030198
0,-4.55356492337169
0,6.70873476000707
0,-8.03147311950368
0,0.769759059089622
0,11.1553721137586
0,2.65065018275512
1,3.64256906438913
0,1.08743833055209
1,10.5683669197312
1,15.9701952479137
1,-3.29158734020575
1,1.66401741134524
1,5.16370370581672
1,-4.31178373741247
1,11.4060415372991
0,-1.77757966288775
0,4.32081679954622
0,6.53325290478876
0,7.22358194605139
1,-0.790603975501507
1,-4.0586588665371
1,13.4108341120211
0,11.4509356179648
1,2.10386492930399
1,3.29554219497913
0,-0.61756776827297
1,4.31792942256203
1,11.1934489873135
0,9.94793625488142
1,8.77372072323008
0,-5.30694049281674
1,4.93693568863095
0,8.67959594168188
1,9.45608823452853
1,14.9858468723861
0,0.610226320067367
1,3.58820949503599
1,3.19727228262267
1,12.6487110840241
1,-1.76792961026651
1,12.731864512905
1,9.89974721134255
0,-4.49023125596194
1,4.0168728696943
1,6.53351432425173
1,-5.20318700086739
0,4.18656740721328
1,8.70732067400048
1,12.8308603768582
1,-0.705153254469955
1,6.8458532664681
0,-5.2490258216059
0,-4.03213316131592
0,-0.570210270656429
0,6.20362899218953
0,-0.987073738156565
1,3.93764733435193
0,-7.20330230284937
0,8.28702080827476
1,13.1740837649745
1,1.50039331676774
1,8.77512310486193
0,-7.0209593038607
0,6.2251845070914
1,8.55922913250009
1,5.08604840034871
1,1.14879331748169
0,2.38243443344182
0,4.08419798540147
1,0.472108211841821
1,4.30636676898175
0,-0.775734358520706
1,4.31295850868129
0,-1.45693453629677
1,-0.0508661493328586
1,10.3262238977166
1,-1.8220464454344
1,13.3356113623202
1,3.27845825891994
0,-5.62048739219383
0,12.1829021759474
0,-4.43288130443037
0,7.66834686822073
0,-3.79201150908409
0,-6.96339659538889
1,6.82749571627337
1,13.0111157769765
0,-7.69951775527834
1,10.8365385829264
0,-7.87418628260069
0,-5.96623513888652
0,-4.91633894108433
1,6.69312431286491
1,11.9386938902423
0,-4.1452001659633
0,-8.35025266984594
0,5.71372031520081
0,8.43059814851342
1,11.0484593693123
1,8.80541127176082
0,9.70887352772987
1,12.3212562123391
1,8.78745920889033
1,-0.771927855211841
1,-0.212456475531016
1,-2.18114596342059
1,4.30934939418101
0,-7.60396028242835
0,-6.77969915744245
1,4.16094088153088
0,-7.40914977933332
1,6.60003206723754
1,14.5239055968573
0,7.552974564803
1,12.9337920192743
0,5.20863158221256
1,10.3894760979499
1,10.9538924679035
0,7.55223711401657
0,1.42685503319471
0,-8.78821532237242
0,0.341622209970173
0,2.40546412131487
1,3.43833871133156
1,12.5905946497132
1,6.53608746182316
1,9.66786909111984
0,5.23256385678722
1,1.23951119382279
1,1.21614046456924
0,2.22241368265973
1,-3.21681482486369
1,10.0055322142722
1,11.6893054498032
1,6.36455874400307
1,2.08900980303682
1,-3.45544201379745
0,4.57368373575499
1,14.1266593676898
1,3.5830663870446
1,11.5796410495088
0,0.909348917338752
0,3.04132411049717
0,2.8495257389972
1,7.40769464354709
1,-1.07321769721895
0,1.65062874512059
1,5.94261417672136
0,-5.36460826457569
1,9.88182769760963
0,7.4640974452044
1,6.26897085598811
1,3.386931033544
0,1.01339906656378
0,2.15768200271862
0,-5.63316945457229
1,4.84731743024374
1,13.2964044068726
1,13.1762313858104
1,4.18894866570078
1,9.76623428706762
1,-1.14221840752992
0,-6.09968199244512
0,-0.601440509957539
0,-0.566456436993327
1,-0.829182578454232
1,8.79106547786326
1,9.89067117210144
1,-3.39643035764773
1,-1.75570422815805
1,-3.01783934151414
1,-1.29347000050768
0,1.69751210478447
0,-6.6117690377869
1,10.4761878723393
1,8.97347894220117
0,3.22770220761221
0,7.08028454256858
1,1.43413726684886
0,4.49111096783455
0,-4.31403561630446
1,9.9852876491408
0,6.07337505896895
0,-7.97662922846938
1,3.3359220285967
1,10.1252388309941
1,13.0495635739179
1,4.15820963067257
1,9.07087453624878
1,10.2847934835448
0,1.28870815626409
0,1.77090728370737
1,8.39409224478838
1,0.321407660936509
0,2.07149354888849
1,5.08447749287122
0,-0.839144669961315
0,-6.35653965095092
0,1.42132204553423
0,5.3633002702565
1,6.88048786975306
0,-6.11115079735025
1,10.6779424026099
1,6.60800910986705
0,-0.725107663940365
1,-1.12398021326282
0,-6.75228496078479
1,11.6534738608383
1,12.0262547494918
1,-1.10202047558904
1,7.62890561706693
1,6.60769158542319
1,5.95371388119555
0,-5.02711233922226
0,-7.75114331984087
1,-2.23524502161331
0,1.65163582101454
0,-0.647431065032398
0,3.08051388992792
0,-5.92977201060626
1,4.31492158355784
0,0.201053341874844
1,7.35867914070813
0,-5.2435614332947
0,3.06899242909985
1,-3.26457934851931
1,8.21893387156791
1,5.23030661383414
1,12.5791139750894
0,0.129279609332094
0,-4.86530936499761
1,9.78427355915808
1,-1.33605041310389
1,2.50106378324592
0,3.47550304212408
1,3.77821593039811
0,8.90976298002655
1,0.893155567004259
0,0.0375230430417116
1,3.61538579476353
1,10.6442570070876
1,9.1090976495021
1,12.5680144877448
1,-1.82439419657092
1,2.94320383573022
1,13.4436296928257
0,3.02606953863129
0,3.92161391269132
0,2.90076383217637
0,8.83231533100721
0,4.71413075407679
1,8.16370968619239
1,0.284882349590345
1,3.25623915655218
0,-2.57612564776193
1,7.81800024535934
0,5.2895456186002
0,7.64966641426798
1,9.46692682312059
1,12.8350295573139
1,6.34771585779443
1,11.6926995503228
1,-0.924529060750644
1,2.61924963458104
0,7.56666272966307
1,10.0041806338118
0,5.52429194252614
1,5.78793202107846
1,0.823665008068182
0,1.36044290366533
1,0.148220553483254
0,5.22393002595167
0,6.35130460094627
0,1.75821516311801
0,1.20500163301395
0,-0.0343681280538514
0,0.451901064127863
1,12.2382743982155
1,2.09282942087573
1,1.09223693614504
1,10.0216932556822
0,0.204261497159818
1,13.8882866664639
0,6.06347059087555
1,-2.01820130736898
1,8.92785874273473
0,1.76484318384878
1,9.64659392977386
0,5.34698341165476
0,3.41193161619104
0,3.00938561136408
0,9.68817192223437
0,2.34859817712494
0,-3.38586617262519
1,16.1202516528584
1,2.09520946819794
0,-0.00702888743958174
0,4.67281825513661
0,-6.61159511664332
0,4.75587728914349
0,4.23762635411345
0,8.41066581486639
1,5.76848128175984
0,2.08589761881086
0,5.483814179634
1,6.2075591126635
0,3.76263704777338
1,8.63923713890697
1,4.06163063596007
0,-7.18479509370742
0,7.17153988626711
1,-3.757130718541
0,-4.12406402782897
1,8.07805263181591
0,10.8090729482761
0,3.59281605250041
0,4.71546300389233
0,2.2490645061577
1,2.7921662289739
1,6.79082368242667
1,10.330977592145
1,11.8144198746691
0,2.33343522810646
1,2.68237635749254
1,15.5178085366509
1,11.3295501757907
0,6.53174271501396
1,-2.27151916684731
0,8.3129682353859
1,7.11922323409198
1,3.45133319141996
0,-2.08209355250561
0,9.89077063166686
0,-6.92046213580606
1,-1.84172555159985
0,7.15531833306147
1,9.90439745475018
0,-4.66626991151915
1,10.3110133377248
1,9.7796634005636
1,10.9853173102767
1,13.5110613471501
1,8.772477021911
1,11.5795842323477
1,10.2147318221529
1,-0.170877931731846
1,9.73574812494986
0,-2.72493662105266
0,-5.73942648482797
1,6.17878685076063
0,-1.1881518406826
0,9.18082465638028
0,2.57172724351645
0,3.64388438145794
1,4.53902635974356
1,5.52729510722908
1,9.8634209435307
0,-7.05360028414616
1,6.50347837196065
1,0.564041504972575
1,8.49365252067513
1,10.7354273994562
0,0.120378598848284
0,-0.0247086484415207
1,8.24541630785296
0,3.52527114426285
1,6.82612387873874
0,7.52121411961638
0,2.00224853895552
1,5.56710954381475
1,5.58498133276547
0,-1.79133784900947
1,9.01990895739443
0,3.76690925016228
1,10.9761454687787
0,2.379301007857
0,3.78227449566316
0,7.04583172638016
1,4.89327604648702
0,3.54641867916162
1,0.652203652059837
1,11.4335675569757
0,1.40842553263195
0,7.21921090223963
1,1.74142228066555
1,9.54437989768789
1,-2.3086244637145
1,10.9390587140033
1,9.12781069807893
1,12.8825962797304
0,-5.95199956703865
0,5.02925601144788
0,5.02850183816189
0,4.6934870374799
1,8.40523310379403
1,0.977209514867727
0,-1.25293704838001
1,7.01080949682688
1,10.5848119709408
1,0.969886460428481
0,3.02595070604014
0,2.36674368951559
1,3.07281859371359
0,-4.20633569839247
0,-1.89017615043233
1,-2.04823034043814
1,13.9573516258689
0,-4.27480440769493
1,-0.844672173151961
1,5.97849453808295
1,-3.08535184234867
1,1.2967057028025
1,6.56708844331997
0,-1.20982505405591
0,-5.1947808267071
1,-1.43232834633033
1,13.009945620493
0,1.76878844919192
1,14.8093602965499
1,-0.280902160976273
1,0.9444621206093
1,-0.132557095597042
0,5.35186058323205
1,8.10609340131323
0,10.3632278368806
0,8.65264583568235
1,8.49123161877472
0,-4.04021579288122
1,0.148319405689734
1,1.23152066370686
1,2.06095259230108
0,-0.591550114860313
0,-1.29864160753416
1,5.6699863784966
0,0.593808786957789
0,-3.68397330853542
0,1.04512993446329
0,-2.82281491219158
1,1.92110047686725
0,-5.83676283419271
1,-5.59695231796913
1,0.605576084967115
0,0.978723186892255
1,14.0702991637233
1,11.1832939135395
0,-1.8362309487365
1,-1.3946393357701
1,-0.950518492800702
1,8.93056882058448
0,-6.57401092479065
1,2.22241625674085
1,8.35384950811192
1,0.960232828594121
1,12.7053071245326
1,6.25060632030782
1,8.89932403700887
1,9.40893115448836
1,15.1307703582288
1,0.609894866466007
0,3.46616307716654
0,6.09681359021874
1,0.278118677211001
0,1.76947664006009
0,-0.505023657774878
1,-4.11267090916975
1,13.3829637811407
1,1.59275561180598
0,4.66450763802352
0,1.63400969427405
1,-2.77339930443191
1,-4.74077906452009
1,1.36527111522811
0,3.10389310224136
0,-5.52859121121651
0,-4.01065752579603
1,-0.513776932224502
1,0.872737307903123
1,4.35014022548642
1,4.47439839998532
0,-0.245494870350187
1,13.4612126965689
1,-2.27612606623266
0,6.6314806029292
0,7.94680459655812
0,2.95972331018959
1,13.5020141758752
1,5.43794423141897
1,0.94098949926465
1,2.76919317018983
1,11.3282620931035
0,-8.06004809153102
1,11.8752820283954
0,7.69895430747763
1,4.64412576263388
1,-0.46578915326654
0,-5.34419496252346
1,15.0708166039938
0,0.0874323225726525
1,2.52547002647937
0,-0.373610614997794
0,-1.15490029490793
0,8.99622268342031
0,0.815149070309172
1,2.79180673348361
1,10.1772931784114
1,-0.314670786592255
0,-1.36774797196935
0,-7.84252129663822
0,-3.95885453251062
1,-4.95646877337122
1,11.4689761737351
0,1.83735921716842
1,4.67342143956407
1,8.25488661533939
0,-1.77024310271802
0,8.82245965924755
1,-1.72076089362752
1,5.33226034508823
0,-5.91338292098584
1,5.27526716650533
1,5.4596955735452
0,8.27752625252143
1,10.2034478303294
1,2.49071514364977
1,15.5713634933964
1,4.67026497188254
1,7.3066763230699
0,2.1179263327737
0,8.37612207415282
1,-1.5944544873373
0,-1.21369602652278
0,5.63472688690177
1,8.04058038605443
1,2.77131806344345
1,12.1366813576034
0,-2.0794566643173
0,-2.98919100162019
1,-2.88961312415329
0,-2.45669817671994
1,7.53170678735797
1,-1.56555312535654
1,-0.373657813954541
1,11.4582782969132
0,4.86862562835231
1,0.178687204561707
1,0.833677723634981
1,1.7831985084389
0,-0.139574119731041
1,12.2520972329439
0,0.263135851785546
0,-0.489982049240623
1,8.42378699355412
1,11.7051384797323
0,-7.44562198927476
0,-1.97917475812527
1,-3.01134693354591
1,-0.412252922896656
0,0.935387201992544
1,4.88268963898429
1,12.1191390196239
1,12.875445736837
1,-3.24337632772751
1,4.2612355728159
1,5.46092252127735
1,-3.76250544149148
0,-1.3859624095245
0,7.57298921083962
1,-0.660277006868483
1,4.61869226579119
0,-6.73574560448507
1,13.5858043670519
0,-2.79695224903424
0,0.582708273167324
0,-5.57756193547393
1,-3.33415376017974
0,-5.61651297022288
0,-7.20409416219762
1,10.3145798538993
1,10.8786882048228
1,11.1633999454341
0,0.415537852223532
1,-3.63087972771416
0,5.48725101530923
0,3.09654965163074
1,4.65489986435902
1,10.952828940009
0,0.398369872151045
1,14.1800919782119
1,-2.90954930771899
1,3.00807879000296
0,-4.40576429474009
1,12.8639060581124
1,-3.0408399160039
1,5.7951762854607
1,10.7370990556041
1,1.00997842417372
1,2.43835404918398
0,-0.160377579000678
0,-4.17869116411954
1,1.19961045750217
0,3.59920898169735
0,0.705776710094212
1,11.6366026192054
1,-1.11272964698445
0,-4.98331811657684
1,6.43351131990699
0,-0.720571423320519
0,-5.2164754587833
1,-0.550212795671362
1,6.87117024662623
0,5.16731001920918
1,-3.44024929061031
1,9.36816164233036
1,0.203202278825192
0,-1.99316262329633
1,1.69628479246179
1,10.6396575191252
0,5.6616843356364
1,2.62450993702183
0,-1.36843188803146
1,-1.32868709949639
1,-1.29982436078607
1,-3.634726924383
0,-7.91610832870091
1,3.42283672657185
0,-0.539236920741261
1,7.58081961325376
0,-0.690297130852035
1,7.90468754498009
0,1.1193381181898
1,-0.404844647366091
0,-1.55159458144426
1,-2.2181210988672
0,0.662121621142587
0,7.34833062688516
0,2.09304554681257
1,-1.63398835805136
1,10.6520040906661
1,-0.486800268549143
1,9.11106458940891
1,9.81956468205187
1,-2.47837815723819
0,2.84671832872169
1,4.91559607944347
0,6.39325346712768
1,12.7548228119251
1,4.70331788134986
0,2.55122446866772
1,0.749519711577243
1,12.7923521452457
0,-4.35555674696305
1,1.36615603322361
0,-0.682141266858046
1,-2.73747509041656
0,-0.0239026645021094
1,-1.64299136346915
1,4.8020920176594
1,-4.9213312755825
1,2.81959209540976
0,1.09370549607055
1,13.4551535478918
1,2.03267641179771
0,9.47322650313767
1,7.66774963979052
1,1.73009111370204
1,5.99106085243513
1,2.09180415843516
1,-4.86886085980022
0,2.01919741337547
1,11.5060149233007
0,2.4807872856947
0,-5.92137225988739
1,-3.24315352131133
0,-9.1808904958348
1,3.06331404535367
1,10.6891083822807
0,0.302955168992103
1,10.248797796807
0,-2.06418070122109
0,-7.09276130406295
1,-1.62240514047345
0,-7.81324529940914
0,9.1386648213155
0,1.66537209479683
1,2.19953252496747
0,0.210301616080858
1,9.33387214086994
1,12.0797705176581
0,-2.28855683116166
0,5.15539783043277
1,11.4914589945217
0,3.12569789147768
1,0.683060987937591
1,11.6445048791127
1,10.2364914342819
1,0.287722533978937
1,-1.9731729302014
1,5.06533194667205
1,2.62926202297695
1,-2.67392809091198
0,-1.32789864695597
0,6.67311981661136
1,5.30219778755336
1,10.6811333701309
